plataforma,modo,ciclo,n_en_ciclo,timestamp_local,latencia_ms,http_status,instance_id,first_request,uptime_ms,colo,request_id,es_frio,criterio_frio,error,cw_duration_ms,cw_billed_ms,cw_init_duration_ms,cw_log_stream,resto_red_plataforma_ms
aws-lambda,forzado,1,0,2026-09-19T21:48:42.102,825.4,200,81db3c7a-4ac9-406c-8d5d-de55ceba791d,,6,,0d544e41-6536-4a6d-bf90-6ecd8b677402,True,uptime_bajo,,36.48,178,141.40,2026/09/20/[$LATEST]0ec5a3a5dfba49c19d9c015ddd020ddd,647.5
aws-lambda,forzado,1,1,2026-09-19T21:48:43.099,493.7,200,81db3c7a-4ac9-406c-8d5d-de55ceba791d,,963,,6e2eee22-4015-49a1-b55c-3a591be9984d,False,,,1.55,2,,2026/09/20/[$LATEST]0ec5a3a5dfba49c19d9c015ddd020ddd,492.1
aws-lambda,forzado,1,2,2026-09-19T21:48:44.063,423.2,200,81db3c7a-4ac9-406c-8d5d-de55ceba791d,,1851,,ad142022-a6ad-4d16-9929-646a7fa40b90,False,,,1.54,2,,2026/09/20/[$LATEST]0ec5a3a5dfba49c19d9c015ddd020ddd,421.7
aws-lambda,forzado,1,3,2026-09-19T21:48:45.002,433.5,200,81db3c7a-4ac9-406c-8d5d-de55ceba791d,,2719,,91573e1b-800c-4c78-abda-dce74ade48f8,False,,,1.44,2,,2026/09/20/[$LATEST]0ec5a3a5dfba49c19d9c015ddd020ddd,432.1
aws-lambda,forzado,1,4,2026-09-19T21:48:45.959,429.2,200,81db3c7a-4ac9-406c-8d5d-de55ceba791d,,3601,,3419ca8c-4e07-45ed-aeda-ec92039a5b55,False,,,1.36,2,,2026/09/20/[$LATEST]0ec5a3a5dfba49c19d9c015ddd020ddd,427.8
aws-lambda,forzado,1,5,2026-09-19T21:48:46.914,422.9,200,81db3c7a-4ac9-406c-8d5d-de55ceba791d,,4483,,94477a28-7b46-4f4c-a507-cc6fbc993463,False,,,1.39,2,,2026/09/20/[$LATEST]0ec5a3a5dfba49c19d9c015ddd020ddd,421.5
aws-lambda,forzado,2,0,2026-09-19T21:49:05.251,710.1,200,78e2015d-e4c6-4315-bb0f-1c3e69a0fdaf,,6,,c7a7db6b-737e-43af-b2fd-ffbc7da05f0b,True,instance_id_cambio,,28.88,151,121.62,2026/09/20/[$LATEST]30674f7380014a2590798a30eee4fc74,559.6
aws-lambda,forzado,2,1,2026-09-19T21:49:06.210,452.5,200,78e2015d-e4c6-4315-bb0f-1c3e69a0fdaf,,902,,748ba597-5d25-4089-8acb-f3068a18fc74,False,,,11.43,12,,2026/09/20/[$LATEST]30674f7380014a2590798a30eee4fc74,441.1
aws-lambda,forzado,2,2,2026-09-19T21:49:07.207,483.4,200,78e2015d-e4c6-4315-bb0f-1c3e69a0fdaf,,1820,,a8285384-4b6f-404f-8616-82f94d98a108,False,,,1.84,2,,2026/09/20/[$LATEST]30674f7380014a2590798a30eee4fc74,481.6
aws-lambda,forzado,2,3,2026-09-19T21:49:08.147,430.2,200,78e2015d-e4c6-4315-bb0f-1c3e69a0fdaf,,2689,,e73fb269-8a36-4654-b1fa-b40f52465ebe,False,,,1.64,2,,2026/09/20/[$LATEST]30674f7380014a2590798a30eee4fc74,428.6
aws-lambda,forzado,2,4,2026-09-19T21:49:09.073,424.1,200,78e2015d-e4c6-4315-bb0f-1c3e69a0fdaf,,3544,,cae1e197-3e5d-47f8-ba18-59b62fc598e9,False,,,1.54,2,,2026/09/20/[$LATEST]30674f7380014a2590798a30eee4fc74,422.6
aws-lambda,forzado,2,5,2026-09-19T21:49:10.036,423.7,200,78e2015d-e4c6-4315-bb0f-1c3e69a0fdaf,,4433,,c83b967d-7e4b-4913-82ac-e8cc20210f83,False,,,1.78,2,,2026/09/20/[$LATEST]30674f7380014a2590798a30eee4fc74,421.9
aws-lambda,forzado,3,0,2026-09-19T21:49:31.469,638.1,200,3e4a9d21-6bb4-4137-9a8f-5f46cb5d6951,,7,,b625b7ba-cdb4-46d9-9c42-f8600545386c,True,instance_id_cambio,,37.64,181,142.96,2026/09/20/[$LATEST]6d1dc99a0cce4e5ea69142ebd292c2d1,457.5
aws-lambda,forzado,3,1,2026-09-19T21:49:32.331,362.1,200,3e4a9d21-6bb4-4137-9a8f-5f46cb5d6951,,983,,b7e9bedc-f99c-478e-9583-3de2697d9f3e,False,,,1.77,2,,2026/09/20/[$LATEST]6d1dc99a0cce4e5ea69142ebd292c2d1,360.3
aws-lambda,forzado,3,2,2026-09-19T21:49:33.191,359.1,200,3e4a9d21-6bb4-4137-9a8f-5f46cb5d6951,,1921,,0191057d-7908-476a-9aae-877b73f69033,False,,,1.79,2,,2026/09/20/[$LATEST]6d1dc99a0cce4e5ea69142ebd292c2d1,357.3
aws-lambda,forzado,3,3,2026-09-19T21:49:34.053,361.9,200,3e4a9d21-6bb4-4137-9a8f-5f46cb5d6951,,2860,,5ee2b988-b812-437c-9d2c-6188289dc3d2,False,,,1.52,2,,2026/09/20/[$LATEST]6d1dc99a0cce4e5ea69142ebd292c2d1,360.4
aws-lambda,forzado,3,4,2026-09-19T21:49:34.914,360.7,200,3e4a9d21-6bb4-4137-9a8f-5f46cb5d6951,,3800,,dd527841-2d6a-4fe2-a835-b3d06ae11e3e,False,,,1.51,2,,2026/09/20/[$LATEST]6d1dc99a0cce4e5ea69142ebd292c2d1,359.2
aws-lambda,forzado,3,5,2026-09-19T21:49:35.807,392.7,200,3e4a9d21-6bb4-4137-9a8f-5f46cb5d6951,,4774,,e3090756-5666-423f-b066-8505101a1079,False,,,1.47,2,,2026/09/20/[$LATEST]6d1dc99a0cce4e5ea69142ebd292c2d1,391.2
aws-lambda,forzado,4,0,2026-09-19T21:49:59.612,708.9,200,3e13164c-4f85-476f-995c-b5fca7d0eb7f,,6,,1e615c74-34d0-45fe-9923-7d73390d93aa,True,instance_id_cambio,,27.15,174,146.29,2026/09/20/[$LATEST]58fb6409466840b2b1e8c9d458f8526d,535.5
aws-lambda,forzado,4,1,2026-09-19T21:50:00.546,434.4,200,3e13164c-4f85-476f-995c-b5fca7d0eb7f,,876,,c24d1bf1-a77e-4610-a11c-bc6435fe0a59,False,,,1.74,2,,2026/09/20/[$LATEST]58fb6409466840b2b1e8c9d458f8526d,432.7
aws-lambda,forzado,4,2,2026-09-19T21:50:01.480,433.0,200,3e13164c-4f85-476f-995c-b5fca7d0eb7f,,1738,,e7d26e91-f886-40c8-9b29-fb8faf18a9d4,False,,,14.19,15,,2026/09/20/[$LATEST]58fb6409466840b2b1e8c9d458f8526d,418.8
aws-lambda,forzado,4,3,2026-09-19T21:50:02.446,460.3,200,3e13164c-4f85-476f-995c-b5fca7d0eb7f,,2629,,1770b586-b37a-473f-ba65-bb1a9c0736dc,False,,,1.58,2,,2026/09/20/[$LATEST]58fb6409466840b2b1e8c9d458f8526d,458.7
aws-lambda,forzado,4,4,2026-09-19T21:50:05.085,455.6,200,3e13164c-4f85-476f-995c-b5fca7d0eb7f,,3513,,a1a6298a-d099-48d2-bd39-4ff25b0e32ce,False,,,1.64,2,,2026/09/20/[$LATEST]58fb6409466840b2b1e8c9d458f8526d,454.0
aws-lambda,forzado,4,5,2026-09-19T21:50:06.058,467.1,200,3e13164c-4f85-476f-995c-b5fca7d0eb7f,,4411,,9f084046-8d43-4ab2-abcb-34d270cc2932,False,,,1.48,2,,2026/09/20/[$LATEST]58fb6409466840b2b1e8c9d458f8526d,465.6
aws-lambda,forzado,5,0,2026-09-19T21:50:32.340,714.6,200,166ebdfa-64b0-43d4-b7c2-14b7450ad9ad,,23,,0bca90a8-161f-425b-968e-1518ded3efad,True,instance_id_cambio,,39.78,197,156.78,2026/09/20/[$LATEST]7a530ef8877a46e59988fa474de4ad6a,518.0
aws-lambda,forzado,5,1,2026-09-19T21:50:33.244,403.2,200,166ebdfa-64b0-43d4-b7c2-14b7450ad9ad,,945,,6b172fa3-79f3-4409-b311-76ab80085871,False,,,2.52,3,,2026/09/20/[$LATEST]7a530ef8877a46e59988fa474de4ad6a,400.7
aws-lambda,forzado,5,2,2026-09-19T21:50:34.141,397.1,200,166ebdfa-64b0-43d4-b7c2-14b7450ad9ad,,1840,,4ed23335-55bb-450f-b25f-d0fcaf55264c,False,,,1.88,2,,2026/09/20/[$LATEST]7a530ef8877a46e59988fa474de4ad6a,395.2
aws-lambda,forzado,5,3,2026-09-19T21:50:35.036,394.4,200,166ebdfa-64b0-43d4-b7c2-14b7450ad9ad,,2732,,a3ed456f-90a4-4828-ac8f-c3ad818e1ebd,False,,,1.39,2,,2026/09/20/[$LATEST]7a530ef8877a46e59988fa474de4ad6a,393.0
aws-lambda,forzado,5,4,2026-09-19T21:50:35.929,392.7,200,166ebdfa-64b0-43d4-b7c2-14b7450ad9ad,,3621,,ac95b6a2-a466-4a81-a9ce-c55c0390561b,False,,,1.67,2,,2026/09/20/[$LATEST]7a530ef8877a46e59988fa474de4ad6a,391.0
aws-lambda,forzado,5,5,2026-09-19T21:50:34.758,417.8,200,166ebdfa-64b0-43d4-b7c2-14b7450ad9ad,,4531,,2a2da285-1c8b-4eb8-b326-771c5a189649,False,,,1.51,2,,2026/09/20/[$LATEST]7a530ef8877a46e59988fa474de4ad6a,416.3
aws-lambda,forzado,6,0,2026-09-19T21:50:51.430,796.6,200,b6305301-6a18-4ded-bb55-5df52836dd98,,8,,0a1b95a0-3cf5-400c-bd92-8b32ff1fdf7c,True,instance_id_cambio,,23.68,182,157.40,2026/09/20/[$LATEST]34d362a0b4f0466e92d4ada610ef2ee0,615.5
aws-lambda,forzado,6,1,2026-09-19T21:50:52.375,432.9,200,b6305301-6a18-4ded-bb55-5df52836dd98,,883,,a57ccfb5-1eaa-47f5-8fe0-d271be71b914,False,,,1.86,2,,2026/09/20/[$LATEST]34d362a0b4f0466e92d4ada610ef2ee0,431.0
aws-lambda,forzado,6,2,2026-09-19T21:50:53.304,428.1,200,b6305301-6a18-4ded-bb55-5df52836dd98,,1741,,8bcb1e29-9871-4af3-8f42-3681a628c0e6,False,,,1.83,2,,2026/09/20/[$LATEST]34d362a0b4f0466e92d4ada610ef2ee0,426.3
aws-lambda,forzado,6,3,2026-09-19T21:50:54.253,445.7,200,b6305301-6a18-4ded-bb55-5df52836dd98,,2616,,be89d854-d7e3-45fb-bf06-61d5b004ca86,False,,,1.68,2,,2026/09/20/[$LATEST]34d362a0b4f0466e92d4ada610ef2ee0,444.0
aws-lambda,forzado,6,4,2026-09-19T21:50:55.187,430.9,200,b6305301-6a18-4ded-bb55-5df52836dd98,,3478,,cb83a0f4-d7a1-466f-8db2-a744acdd3e80,False,,,1.48,2,,2026/09/20/[$LATEST]34d362a0b4f0466e92d4ada610ef2ee0,429.4
aws-lambda,forzado,6,5,2026-09-19T21:50:56.111,423.3,200,b6305301-6a18-4ded-bb55-5df52836dd98,,4332,,c3f40f40-fbb3-4141-95a6-59807ed32150,False,,,1.49,2,,2026/09/20/[$LATEST]34d362a0b4f0466e92d4ada610ef2ee0,421.8
aws-lambda,forzado,7,0,2026-09-19T21:51:20.635,810.4,200,99b9137d-32c8-4653-a0f0-f74fa1267946,,7,,0c851ab3-4f99-41f4-bed9-323b598adc30,True,instance_id_cambio,,24.75,173,148.10,2026/09/20/[$LATEST]016bc37ba2c24c749456906e1c1a11dd,637.5
aws-lambda,forzado,7,1,2026-09-19T21:51:21.572,436.6,200,99b9137d-32c8-4653-a0f0-f74fa1267946,,893,,80422069-c47a-467c-90f5-29cf5b6008af,False,,,1.96,2,,2026/09/20/[$LATEST]016bc37ba2c24c749456906e1c1a11dd,434.6
aws-lambda,forzado,7,2,2026-09-19T21:51:22.500,426.9,200,99b9137d-32c8-4653-a0f0-f74fa1267946,,1750,,f43b6196-635d-4902-853b-5a75ff8b8e94,False,,,1.94,2,,2026/09/20/[$LATEST]016bc37ba2c24c749456906e1c1a11dd,425.0
aws-lambda,forzado,7,3,2026-09-19T21:51:23.449,447.8,200,99b9137d-32c8-4653-a0f0-f74fa1267946,,2625,,f97619fc-8289-4611-ad1e-00f54a749dfc,False,,,1.59,2,,2026/09/20/[$LATEST]016bc37ba2c24c749456906e1c1a11dd,446.2
aws-lambda,forzado,7,4,2026-09-19T21:51:24.402,451.7,200,99b9137d-32c8-4653-a0f0-f74fa1267946,,3505,,5cfe5ca4-94cb-4409-a771-9b7ec5fb2e78,False,,,1.62,2,,2026/09/20/[$LATEST]016bc37ba2c24c749456906e1c1a11dd,450.1
aws-lambda,forzado,7,5,2026-09-19T21:51:25.369,466.9,200,99b9137d-32c8-4653-a0f0-f74fa1267946,,4400,,a67f7fae-ff05-4c2c-9c20-6e57d5f49b5a,False,,,1.41,2,,2026/09/20/[$LATEST]016bc37ba2c24c749456906e1c1a11dd,465.5
aws-lambda,forzado,8,0,2026-09-19T21:51:40.211,830.5,200,d7a47c8b-8e34-4303-ab73-a13b634df1dd,,7,,e5cde629-944f-43ed-b6d2-42d26bf83ccd,True,instance_id_cambio,,31.02,226,194.08,2026/09/20/[$LATEST]e032ed583edc4e5fa454e6909ccf6e0b,605.4
aws-lambda,forzado,8,1,2026-09-19T21:51:41.160,447.3,200,d7a47c8b-8e34-4303-ab73-a13b634df1dd,,912,,3964bfec-310a-40d7-94bf-aa8281395c80,False,,,1.71,2,,2026/09/20/[$LATEST]e032ed583edc4e5fa454e6909ccf6e0b,445.6
aws-lambda,forzado,8,2,2026-09-19T21:51:42.159,496.4,200,d7a47c8b-8e34-4303-ab73-a13b634df1dd,,1834,,97926245-7f41-45d3-801a-4ca7a63b7b18,False,,,1.91,2,,2026/09/20/[$LATEST]e032ed583edc4e5fa454e6909ccf6e0b,494.5
aws-lambda,forzado,8,3,2026-09-19T21:51:43.095,432.7,200,d7a47c8b-8e34-4303-ab73-a13b634df1dd,,2698,,d95e22a5-5e1f-43ca-bf76-8c6f8765927d,False,,,1.45,2,,2026/09/20/[$LATEST]e032ed583edc4e5fa454e6909ccf6e0b,431.2
aws-lambda,forzado,8,4,2026-09-19T21:51:44.039,441.6,200,d7a47c8b-8e34-4303-ab73-a13b634df1dd,,3568,,8473893d-2a62-40d4-b1a9-e3cec61fb49a,False,,,1.46,2,,2026/09/20/[$LATEST]e032ed583edc4e5fa454e6909ccf6e0b,440.1
aws-lambda,forzado,8,5,2026-09-19T21:51:44.982,430.4,200,d7a47c8b-8e34-4303-ab73-a13b634df1dd,,4439,,4e21c5ae-2bb3-4490-8d20-d6126ed78ab9,False,,,1.46,2,,2026/09/20/[$LATEST]e032ed583edc4e5fa454e6909ccf6e0b,428.9
aws-lambda,forzado,9,0,2026-09-19T21:52:02.826,708.6,200,0c8586b9-34ed-4ae5-96a5-0e3a7db1a1bc,,6,,b06da939-88f3-4813-b862-4d675238677a,True,instance_id_cambio,,10.80,153,141.53,2026/09/20/[$LATEST]27114d5f907a466ca5eb7ad4d4a075cd,556.3
aws-lambda,forzado,9,1,2026-09-19T21:52:03.755,427.8,200,0c8586b9-34ed-4ae5-96a5-0e3a7db1a1bc,,873,,08b5fb18-8f17-4780-b20b-290d2c848eda,False,,,1.77,2,,2026/09/20/[$LATEST]27114d5f907a466ca5eb7ad4d4a075cd,426.0
aws-lambda,forzado,9,2,2026-09-19T21:52:04.742,479.3,200,0c8586b9-34ed-4ae5-96a5-0e3a7db1a1bc,,1784,,eab6637e-1109-4eb4-9279-d3eec11ff445,False,,,1.59,2,,2026/09/20/[$LATEST]27114d5f907a466ca5eb7ad4d4a075cd,477.7
aws-lambda,forzado,9,3,2026-09-19T21:52:05.669,424.9,200,0c8586b9-34ed-4ae5-96a5-0e3a7db1a1bc,,2639,,747d0782-f3de-4a13-8259-fe3b6a24e14d,False,,,1.41,2,,2026/09/20/[$LATEST]27114d5f907a466ca5eb7ad4d4a075cd,423.5
aws-lambda,forzado,9,4,2026-09-19T21:52:06.628,459.2,200,0c8586b9-34ed-4ae5-96a5-0e3a7db1a1bc,,3525,,9a711ab2-3bc5-4c7e-979b-79fc438ec8b1,False,,,1.47,2,,2026/09/20/[$LATEST]27114d5f907a466ca5eb7ad4d4a075cd,457.7
aws-lambda,forzado,9,5,2026-09-19T21:52:07.557,427.9,200,0c8586b9-34ed-4ae5-96a5-0e3a7db1a1bc,,4381,,804be768-67ec-44ea-8330-0a6992d8d48b,False,,,1.39,2,,2026/09/20/[$LATEST]27114d5f907a466ca5eb7ad4d4a075cd,426.5
aws-lambda,forzado,10,0,2026-09-19T21:52:23.500,744.4,200,5f02ad85-8d56-4bcf-8f6a-a749eca24014,,6,,25cdb2de-37f4-4fb7-9ccd-445f34dd062c,True,instance_id_cambio,,23.43,172,148.28,2026/09/20/[$LATEST]56e8c60294524d83a9773420bc1538a9,572.7
aws-lambda,forzado,10,1,2026-09-19T21:52:24.542,541.4,200,5f02ad85-8d56-4bcf-8f6a-a749eca24014,,987,,27bdd9e1-1583-4102-aad0-2c244039dd23,False,,,1.64,2,,2026/09/20/[$LATEST]56e8c60294524d83a9773420bc1538a9,539.8
aws-lambda,forzado,10,2,2026-09-19T21:52:25.503,459.4,200,5f02ad85-8d56-4bcf-8f6a-a749eca24014,,1874,,8e22e769-a4b1-4a21-a8cd-99cbde23a323,False,,,1.65,2,,2026/09/20/[$LATEST]56e8c60294524d83a9773420bc1538a9,457.8
aws-lambda,forzado,10,3,2026-09-19T21:52:26.430,426.7,200,5f02ad85-8d56-4bcf-8f6a-a749eca24014,,2730,,578bbd82-cead-4a97-a6d4-4eeb24d566fc,False,,,1.67,2,,2026/09/20/[$LATEST]56e8c60294524d83a9773420bc1538a9,425.0
aws-lambda,forzado,10,4,2026-09-19T21:52:27.389,454.9,200,5f02ad85-8d56-4bcf-8f6a-a749eca24014,,3616,,f7b079ff-eba7-4495-b411-9c7cebfac39f,False,,,1.39,2,,2026/09/20/[$LATEST]56e8c60294524d83a9773420bc1538a9,453.5
aws-lambda,forzado,10,5,2026-09-19T21:52:28.349,458.7,200,5f02ad85-8d56-4bcf-8f6a-a749eca24014,,4502,,bd794ce0-7f22-4519-a94f-77745a9e7371,False,,,1.56,2,,2026/09/20/[$LATEST]56e8c60294524d83a9773420bc1538a9,457.1
aws-lambda,forzado,11,0,2026-09-19T21:52:43.341,746.8,200,c92bf1ca-aa0b-4263-9d8b-0a5ddc7258e7,,7,,8ee89a09-5109-417a-b086-848fa412c6b2,True,instance_id_cambio,,39.79,191,150.42,2026/09/20/[$LATEST]68662d61859d4fc7a3a479d521b13b38,556.6
aws-lambda,forzado,11,1,2026-09-19T21:52:44.330,464.6,200,c92bf1ca-aa0b-4263-9d8b-0a5ddc7258e7,,941,,c34b3bf7-3349-4b74-9f19-ce5b5e088d47,False,,,1.87,2,,2026/09/20/[$LATEST]68662d61859d4fc7a3a479d521b13b38,462.7
aws-lambda,forzado,11,2,2026-09-19T21:52:45.282,431.6,200,c92bf1ca-aa0b-4263-9d8b-0a5ddc7258e7,,1820,,ab86bfce-5088-4416-8d27-187b37d02cee,False,,,1.77,2,,2026/09/20/[$LATEST]68662d61859d4fc7a3a479d521b13b38,429.8
aws-lambda,forzado,11,3,2026-09-19T21:52:46.243,456.5,200,c92bf1ca-aa0b-4263-9d8b-0a5ddc7258e7,,2707,,15b22d91-cb3e-4b78-ae4e-673c83414247,False,,,1.44,2,,2026/09/20/[$LATEST]68662d61859d4fc7a3a479d521b13b38,455.1
aws-lambda,forzado,11,4,2026-09-19T21:52:47.205,450.8,200,c92bf1ca-aa0b-4263-9d8b-0a5ddc7258e7,,3595,,e042472f-ddc9-4e44-956a-5ad2254e6bd6,False,,,1.45,2,,2026/09/20/[$LATEST]68662d61859d4fc7a3a479d521b13b38,449.4
aws-lambda,forzado,11,5,2026-09-19T21:52:48.158,439.2,200,c92bf1ca-aa0b-4263-9d8b-0a5ddc7258e7,,4474,,4077f192-f0ef-4a9f-adf5-7447f5d0afed,False,,,1.29,2,,2026/09/20/[$LATEST]68662d61859d4fc7a3a479d521b13b38,437.9
aws-lambda,forzado,12,0,2026-09-19T21:53:05.900,730.6,200,618f8770-ce51-44d4-9bd3-88089cf61906,,7,,3228ec58-995b-455c-a79e-552f556dc2dd,True,instance_id_cambio,,28.32,176,147.07,2026/09/20/[$LATEST]799ef8a0ec4f4ebca220ebaeb654f5be,555.2
aws-lambda,forzado,12,1,2026-09-19T21:53:06.841,424.1,200,618f8770-ce51-44d4-9bd3-88089cf61906,,884,,bdb50311-5e31-40a1-a3cd-d4f78b94380a,False,,,1.82,2,,2026/09/20/[$LATEST]799ef8a0ec4f4ebca220ebaeb654f5be,422.3
aws-lambda,forzado,12,2,2026-09-19T21:53:05.292,426.7,200,618f8770-ce51-44d4-9bd3-88089cf61906,,1739,,322fee1c-f6e8-4d36-bad1-3bc56b0a57f7,False,,,2.05,3,,2026/09/20/[$LATEST]799ef8a0ec4f4ebca220ebaeb654f5be,424.6
aws-lambda,forzado,12,3,2026-09-19T21:53:06.282,487.3,200,618f8770-ce51-44d4-9bd3-88089cf61906,,2654,,16a81938-d72d-4df9-9be5-76df8f571c3b,False,,,1.76,2,,2026/09/20/[$LATEST]799ef8a0ec4f4ebca220ebaeb654f5be,485.5
aws-lambda,forzado,12,4,2026-09-19T21:53:07.230,446.9,200,618f8770-ce51-44d4-9bd3-88089cf61906,,3529,,8970fca7-cd87-42c1-af4b-4c3b93acc152,False,,,1.43,2,,2026/09/20/[$LATEST]799ef8a0ec4f4ebca220ebaeb654f5be,445.5
aws-lambda,forzado,12,5,2026-09-19T21:53:08.163,432.0,200,618f8770-ce51-44d4-9bd3-88089cf61906,,4389,,a4c6a3ea-f681-41a6-ac79-ea2cc6fc2563,False,,,1.39,2,,2026/09/20/[$LATEST]799ef8a0ec4f4ebca220ebaeb654f5be,430.6
aws-lambda,forzado,13,0,2026-09-19T21:53:26.269,753.5,200,1d48342d-d55e-4bf7-a6be-4a73ea56db99,,7,,1fa665b7-a968-4ff3-bfb3-555c4100cab6,True,instance_id_cambio,,22.69,180,157.00,2026/09/20/[$LATEST]468edf9ebdb941f991222ce36aef516d,573.8
aws-lambda,forzado,13,1,2026-09-19T21:53:27.275,501.7,200,1d48342d-d55e-4bf7-a6be-4a73ea56db99,,956,,1108ba65-b152-4f5c-839c-5fa16e49a6d4,False,,,1.65,2,,2026/09/20/[$LATEST]468edf9ebdb941f991222ce36aef516d,500.1
aws-lambda,forzado,13,2,2026-09-19T21:53:28.280,503.5,200,1d48342d-d55e-4bf7-a6be-4a73ea56db99,,1883,,18a293a0-ebf8-4e8f-aaea-d06f84c7cc66,False,,,1.95,2,,2026/09/20/[$LATEST]468edf9ebdb941f991222ce36aef516d,501.6
aws-lambda,forzado,13,3,2026-09-19T21:53:29.215,433.0,200,1d48342d-d55e-4bf7-a6be-4a73ea56db99,,2747,,a9a4ea7f-228e-4016-a287-0f99320ad3bb,False,,,1.48,2,,2026/09/20/[$LATEST]468edf9ebdb941f991222ce36aef516d,431.5
aws-lambda,forzado,13,4,2026-09-19T21:53:30.149,431.3,200,1d48342d-d55e-4bf7-a6be-4a73ea56db99,,3610,,007a2d39-fd49-4136-b484-e53aa466ce84,False,,,1.43,2,,2026/09/20/[$LATEST]468edf9ebdb941f991222ce36aef516d,429.9
aws-lambda,forzado,13,5,2026-09-19T21:53:31.095,445.0,200,1d48342d-d55e-4bf7-a6be-4a73ea56db99,,4482,,5c11cce6-a8da-4a3d-ae76-ea48ef12e8b7,False,,,1.36,2,,2026/09/20/[$LATEST]468edf9ebdb941f991222ce36aef516d,443.6
aws-lambda,forzado,14,0,2026-09-19T21:53:46.095,770.0,200,4d60d0e0-0769-4791-b413-43bcdaea679f,,24,,2ad067c0-c8e8-49ef-ac87-7f5f73250331,True,instance_id_cambio,,40.14,200,158.94,2026/09/20/[$LATEST]39659e93b0c14c499f3487bf5c7c7400,570.9
aws-lambda,forzado,14,1,2026-09-19T21:53:47.049,450.7,200,4d60d0e0-0769-4791-b413-43bcdaea679f,,925,,5a27b084-9ab7-4d21-a93b-19fc1e4918fa,False,,,1.82,2,,2026/09/20/[$LATEST]39659e93b0c14c499f3487bf5c7c7400,448.9
aws-lambda,forzado,14,2,2026-09-19T21:53:48.036,446.0,200,4d60d0e0-0769-4791-b413-43bcdaea679f,,1819,,67c30fc5-2cf6-443c-ab7c-0097f857cc00,False,,,1.72,2,,2026/09/20/[$LATEST]39659e93b0c14c499f3487bf5c7c7400,444.3
aws-lambda,forzado,14,3,2026-09-19T21:53:49.011,472.2,200,4d60d0e0-0769-4791-b413-43bcdaea679f,,2735,,a4a6c8e5-eec0-4ba0-bc8e-9dd3d641d3fb,False,,,1.60,2,,2026/09/20/[$LATEST]39659e93b0c14c499f3487bf5c7c7400,470.6
aws-lambda,forzado,14,4,2026-09-19T21:53:49.975,459.1,200,4d60d0e0-0769-4791-b413-43bcdaea679f,,3625,,9d2c368d-98f3-4b40-b8fe-0cffee322843,False,,,1.44,2,,2026/09/20/[$LATEST]39659e93b0c14c499f3487bf5c7c7400,457.7
aws-lambda,forzado,14,5,2026-09-19T21:53:50.900,422.8,200,4d60d0e0-0769-4791-b413-43bcdaea679f,,4479,,8688d7fc-7420-47a5-8563-f90f2a54049f,False,,,1.54,2,,2026/09/20/[$LATEST]39659e93b0c14c499f3487bf5c7c7400,421.3
aws-lambda,forzado,15,0,2026-09-19T21:54:05.918,779.7,200,f2264718-97fa-4b18-a73e-75f905354cf2,,8,,08142268-ccaa-4866-b567-30ac820ddd71,True,instance_id_cambio,,31.70,196,164.21,2026/09/20/[$LATEST]c1f5f41f251a46a4b5e52ea600f4aa45,583.8
aws-lambda,forzado,15,1,2026-09-19T21:54:06.849,423.3,200,f2264718-97fa-4b18-a73e-75f905354cf2,,879,,ca0eb2d1-09b2-4105-8c72-ce7c92ae24b3,False,,,1.75,2,,2026/09/20/[$LATEST]c1f5f41f251a46a4b5e52ea600f4aa45,421.6
aws-lambda,forzado,15,2,2026-09-19T21:54:07.774,422.5,200,f2264718-97fa-4b18-a73e-75f905354cf2,,1733,,dc91f8d4-dccc-4c0c-a3cb-9a5b691f4b1d,False,,,1.67,2,,2026/09/20/[$LATEST]c1f5f41f251a46a4b5e52ea600f4aa45,420.8
aws-lambda,forzado,15,3,2026-09-19T21:54:08.737,463.2,200,f2264718-97fa-4b18-a73e-75f905354cf2,,2622,,07fcb04f-24e0-4571-a765-549d40ad3713,False,,,1.60,2,,2026/09/20/[$LATEST]c1f5f41f251a46a4b5e52ea600f4aa45,461.6
aws-lambda,forzado,15,4,2026-09-19T21:54:09.719,441.3,200,f2264718-97fa-4b18-a73e-75f905354cf2,,3529,,d4b8833a-28ae-4935-aaba-215227739c6e,False,,,1.49,2,,2026/09/20/[$LATEST]c1f5f41f251a46a4b5e52ea600f4aa45,439.8
aws-lambda,forzado,15,5,2026-09-19T21:54:10.657,435.4,200,f2264718-97fa-4b18-a73e-75f905354cf2,,4393,,360010ef-24ea-4aac-ae14-94933663aebe,False,,,1.39,2,,2026/09/20/[$LATEST]c1f5f41f251a46a4b5e52ea600f4aa45,434.0
aws-lambda,forzado,16,0,2026-09-19T21:54:29.263,825.8,200,02c33f1d-15fb-4250-a236-859db7216b8c,,7,,f128ba80-cc7a-4de3-a3d5-5f20d371db7a,True,instance_id_cambio,,28.78,182,152.51,2026/09/20/[$LATEST]2c2528b2f3a14a8f92a9cfa26d10c3aa,644.5
aws-lambda,forzado,16,1,2026-09-19T21:54:30.194,426.8,200,02c33f1d-15fb-4250-a236-859db7216b8c,,893,,f4350a11-13e3-408f-8b26-ae3be2f8462b,False,,,1.78,2,,2026/09/20/[$LATEST]2c2528b2f3a14a8f92a9cfa26d10c3aa,425.0
aws-lambda,forzado,16,2,2026-09-19T21:54:31.171,466.6,200,02c33f1d-15fb-4250-a236-859db7216b8c,,1794,,24216771-98f9-4c96-86e6-1503209eb961,False,,,1.86,2,,2026/09/20/[$LATEST]2c2528b2f3a14a8f92a9cfa26d10c3aa,464.7
aws-lambda,forzado,16,3,2026-09-19T21:54:32.132,457.9,200,02c33f1d-15fb-4250-a236-859db7216b8c,,2682,,428f3480-b361-4b15-8a38-aeacc722df57,False,,,1.53,2,,2026/09/20/[$LATEST]2c2528b2f3a14a8f92a9cfa26d10c3aa,456.4
aws-lambda,forzado,16,4,2026-09-19T21:54:33.064,431.2,200,02c33f1d-15fb-4250-a236-859db7216b8c,,3542,,565345a7-c281-49f2-9ea7-3a420321b00c,False,,,1.73,2,,2026/09/20/[$LATEST]2c2528b2f3a14a8f92a9cfa26d10c3aa,429.5
aws-lambda,forzado,16,5,2026-09-19T21:54:34.009,434.3,200,02c33f1d-15fb-4250-a236-859db7216b8c,,4413,,5988cbce-11c3-4dfb-8545-2f2ae335ce62,False,,,1.51,2,,2026/09/20/[$LATEST]2c2528b2f3a14a8f92a9cfa26d10c3aa,432.8
aws-lambda,forzado,17,0,2026-09-19T21:54:48.945,753.9,200,a8799660-165c-45de-8a0e-b8c1caef66c6,,6,,a4acc093-b541-4aee-8077-c8902a2c2462,True,instance_id_cambio,,32.62,181,147.85,2026/09/20/[$LATEST]b521cbf734fe4d39aa415825d4b15c14,573.4
aws-lambda,forzado,17,1,2026-09-19T21:54:49.914,464.7,200,a8799660-165c-45de-8a0e-b8c1caef66c6,,915,,2c376ac7-124d-46f5-bdc6-ee9fb80b0cfd,False,,,1.71,2,,2026/09/20/[$LATEST]b521cbf734fe4d39aa415825d4b15c14,463.0
aws-lambda,forzado,17,2,2026-09-19T21:54:50.844,427.6,200,a8799660-165c-45de-8a0e-b8c1caef66c6,,1773,,7a1c736a-3a12-4843-afd3-b6a6b431ab42,False,,,1.66,2,,2026/09/20/[$LATEST]b521cbf734fe4d39aa415825d4b15c14,425.9
aws-lambda,forzado,17,3,2026-09-19T21:54:51.776,430.3,200,a8799660-165c-45de-8a0e-b8c1caef66c6,,2634,,e4fb5c8d-02b0-44d3-8583-7b4012b80b28,False,,,1.52,2,,2026/09/20/[$LATEST]b521cbf734fe4d39aa415825d4b15c14,428.8
aws-lambda,forzado,17,4,2026-09-19T21:54:52.731,447.1,200,a8799660-165c-45de-8a0e-b8c1caef66c6,,3493,,ac2dbc2c-ecc8-41cc-a151-ad069b8c1874,False,,,1.40,2,,2026/09/20/[$LATEST]b521cbf734fe4d39aa415825d4b15c14,445.7
aws-lambda,forzado,17,5,2026-09-19T21:54:53.672,440.0,200,a8799660-165c-45de-8a0e-b8c1caef66c6,,4384,,6e480d4b-40d1-45ff-a63f-5293807b45b5,False,,,1.42,2,,2026/09/20/[$LATEST]b521cbf734fe4d39aa415825d4b15c14,438.6
aws-lambda,forzado,18,0,2026-09-19T21:55:08.985,815.8,200,b705258b-16ce-48b6-8481-113c0b73357f,,11,,c1ca08b6-41c6-4e5c-a0b1-1ddb9f4a8653,True,instance_id_cambio,,46.20,225,178.26,2026/09/20/[$LATEST]cef2276edaea44838bc8eb5b65ef0edc,591.3
aws-lambda,forzado,18,1,2026-09-19T21:55:09.923,433.0,200,b705258b-16ce-48b6-8481-113c0b73357f,,899,,73210c01-5739-4b29-b517-ab0119545019,False,,,12.99,13,,2026/09/20/[$LATEST]cef2276edaea44838bc8eb5b65ef0edc,420.0
aws-lambda,forzado,18,2,2026-09-19T21:55:10.859,429.9,200,b705258b-16ce-48b6-8481-113c0b73357f,,1763,,d39bca5a-28b9-41f0-9184-ed0f769e9c18,False,,,1.83,2,,2026/09/20/[$LATEST]cef2276edaea44838bc8eb5b65ef0edc,428.1
aws-lambda,forzado,18,3,2026-09-19T21:55:11.795,427.0,200,b705258b-16ce-48b6-8481-113c0b73357f,,2626,,582b9c49-2e96-4201-8dd4-30358fe2a180,False,,,1.39,2,,2026/09/20/[$LATEST]cef2276edaea44838bc8eb5b65ef0edc,425.6
aws-lambda,forzado,18,4,2026-09-19T21:55:12.727,427.7,200,b705258b-16ce-48b6-8481-113c0b73357f,,3487,,b0f010db-6719-4fde-949e-af8c05ea8873,False,,,1.48,2,,2026/09/20/[$LATEST]cef2276edaea44838bc8eb5b65ef0edc,426.2
aws-lambda,forzado,18,5,2026-09-19T21:55:13.668,440.1,200,b705258b-16ce-48b6-8481-113c0b73357f,,4355,,1d2f31f6-7a68-4f6c-b3e5-106cf69449c2,False,,,1.45,2,,2026/09/20/[$LATEST]cef2276edaea44838bc8eb5b65ef0edc,438.7
aws-lambda,forzado,19,0,2026-09-19T21:55:31.994,714.5,200,8f5224e9-ccd6-4810-b96a-5f91b6cbb387,,6,,9df65dca-a85a-4fc6-8091-1eb0325d0245,True,instance_id_cambio,,27.57,147,119.11,2026/09/20/[$LATEST]03007637bc8f413d9078f4cf2e383abc,567.8
aws-lambda,forzado,19,1,2026-09-19T21:55:32.934,439.4,200,8f5224e9-ccd6-4810-b96a-5f91b6cbb387,,881,,567bc654-9568-44e7-9056-4460b18c240b,False,,,1.73,2,,2026/09/20/[$LATEST]03007637bc8f413d9078f4cf2e383abc,437.7
aws-lambda,forzado,19,2,2026-09-19T21:55:33.889,451.1,200,8f5224e9-ccd6-4810-b96a-5f91b6cbb387,,1762,,91b270d3-cc07-4382-87b6-0a1f0b4dad9c,False,,,1.69,2,,2026/09/20/[$LATEST]03007637bc8f413d9078f4cf2e383abc,449.4
aws-lambda,forzado,19,3,2026-09-19T21:55:34.858,432.1,200,8f5224e9-ccd6-4810-b96a-5f91b6cbb387,,2657,,580ae673-8756-4d19-922c-5c65512567b4,False,,,1.50,2,,2026/09/20/[$LATEST]03007637bc8f413d9078f4cf2e383abc,430.6
aws-lambda,forzado,19,4,2026-09-19T21:55:35.784,425.6,200,8f5224e9-ccd6-4810-b96a-5f91b6cbb387,,3509,,d74561dc-73ba-46b0-b7b0-63734e5f37da,False,,,3.07,4,,2026/09/20/[$LATEST]03007637bc8f413d9078f4cf2e383abc,422.5
aws-lambda,forzado,19,5,2026-09-19T21:55:34.328,482.4,200,8f5224e9-ccd6-4810-b96a-5f91b6cbb387,,4454,,88844c7f-80ed-4f3d-9be8-5fc6cf451fc4,False,,,1.34,2,,2026/09/20/[$LATEST]03007637bc8f413d9078f4cf2e383abc,481.1
aws-lambda,forzado,20,0,2026-09-19T21:55:51.748,820.5,200,ba2f1d1b-0ac2-4cd2-a15f-308e1dcae380,,9,,500d2523-00ef-4a94-8de5-b52ac88a9bf1,True,instance_id_cambio,,40.66,215,174.20,2026/09/20/[$LATEST]8acc920e89e549ac8cb8a4ce2c657ea0,605.6
aws-lambda,forzado,20,1,2026-09-19T21:55:52.742,487.6,200,ba2f1d1b-0ac2-4cd2-a15f-308e1dcae380,,964,,a627df4f-210f-4b18-a79a-77c5e574b469,False,,,1.73,2,,2026/09/20/[$LATEST]8acc920e89e549ac8cb8a4ce2c657ea0,485.9
aws-lambda,forzado,20,2,2026-09-19T21:55:53.673,428.7,200,ba2f1d1b-0ac2-4cd2-a15f-308e1dcae380,,1825,,fd46beff-fc26-4118-8725-5e59edcab9f9,False,,,1.72,2,,2026/09/20/[$LATEST]8acc920e89e549ac8cb8a4ce2c657ea0,427.0
aws-lambda,forzado,20,3,2026-09-19T21:55:54.620,444.1,200,ba2f1d1b-0ac2-4cd2-a15f-308e1dcae380,,2699,,d380c4c7-06f0-419d-adfc-ca24279a7138,False,,,1.39,2,,2026/09/20/[$LATEST]8acc920e89e549ac8cb8a4ce2c657ea0,442.7
aws-lambda,forzado,20,4,2026-09-19T21:55:55.592,455.3,200,ba2f1d1b-0ac2-4cd2-a15f-308e1dcae380,,3595,,96220cd9-5f77-410b-bd4c-a59b656a76bf,False,,,1.52,2,,2026/09/20/[$LATEST]8acc920e89e549ac8cb8a4ce2c657ea0,453.8
aws-lambda,forzado,20,5,2026-09-19T21:55:56.516,423.4,200,ba2f1d1b-0ac2-4cd2-a15f-308e1dcae380,,4450,,5f71b4fb-e9fc-4819-b32a-8275e935bc05,False,,,1.81,2,,2026/09/20/[$LATEST]8acc920e89e549ac8cb8a4ce2c657ea0,421.6
aws-lambda,forzado,21,0,2026-09-19T21:56:12.041,735.9,200,d2905c33-1ff5-4b6a-8af7-6a704d1b6d26,,6,,5235ba51-0543-46bc-a605-ffce4ba4390f,True,instance_id_cambio,,36.37,168,131.04,2026/09/20/[$LATEST]ea09832f9b4740b48d10882d8af88fe4,568.5
aws-lambda,forzado,21,1,2026-09-19T21:56:12.976,434.7,200,d2905c33-1ff5-4b6a-8af7-6a704d1b6d26,,886,,dc9b1973-830e-468c-b595-a195edb17782,False,,,1.77,2,,2026/09/20/[$LATEST]ea09832f9b4740b48d10882d8af88fe4,432.9
aws-lambda,forzado,21,2,2026-09-19T21:56:13.931,455.1,200,d2905c33-1ff5-4b6a-8af7-6a704d1b6d26,,1768,,268ca20d-38af-4ec3-9eae-8f7e28b3a5f4,False,,,13.63,14,,2026/09/20/[$LATEST]ea09832f9b4740b48d10882d8af88fe4,441.5
aws-lambda,forzado,21,3,2026-09-19T21:56:14.862,428.9,200,d2905c33-1ff5-4b6a-8af7-6a704d1b6d26,,2627,,023bdf05-96c6-452a-ad82-3ec9d610cd8a,False,,,1.56,2,,2026/09/20/[$LATEST]ea09832f9b4740b48d10882d8af88fe4,427.3
aws-lambda,forzado,21,4,2026-09-19T21:56:15.805,432.0,200,d2905c33-1ff5-4b6a-8af7-6a704d1b6d26,,3498,,ce4cd673-10d4-4e22-81b4-eba16b20b128,False,,,3.38,4,,2026/09/20/[$LATEST]ea09832f9b4740b48d10882d8af88fe4,428.6
aws-lambda,forzado,21,5,2026-09-19T21:56:16.778,469.8,200,d2905c33-1ff5-4b6a-8af7-6a704d1b6d26,,4395,,3d53e3a4-461e-4a97-bf68-9861d052f4ed,False,,,1.61,2,,2026/09/20/[$LATEST]ea09832f9b4740b48d10882d8af88fe4,468.2
aws-lambda,forzado,22,0,2026-09-19T21:56:34.359,720.0,200,a30560ba-6811-40c8-9717-b68971301b05,,6,,2fbae59a-8f87-4efc-8994-cf96da9d663e,True,instance_id_cambio,,32.98,158,124.17,2026/09/20/[$LATEST]b57b62874e9743659cc51570b4e677ec,562.9
aws-lambda,forzado,22,1,2026-09-19T21:56:35.307,428.8,200,a30560ba-6811-40c8-9717-b68971301b05,,912,,ae1488c4-7353-456c-a71d-425c32bea3a9,False,,,1.59,2,,2026/09/20/[$LATEST]b57b62874e9743659cc51570b4e677ec,427.2
aws-lambda,forzado,22,2,2026-09-19T21:56:33.767,434.8,200,a30560ba-6811-40c8-9717-b68971301b05,,1779,,2e99407c-f25b-4e01-a314-190cef83b03e,False,,,1.70,2,,2026/09/20/[$LATEST]b57b62874e9743659cc51570b4e677ec,433.1
aws-lambda,forzado,22,3,2026-09-19T21:56:34.746,473.1,200,a30560ba-6811-40c8-9717-b68971301b05,,2682,,55880744-4f6a-4ed0-aa97-51fb31e6b130,False,,,1.78,2,,2026/09/20/[$LATEST]b57b62874e9743659cc51570b4e677ec,471.3
aws-lambda,forzado,22,4,2026-09-19T21:56:35.674,426.4,200,a30560ba-6811-40c8-9717-b68971301b05,,3539,,7d6836b2-b598-4176-9985-63f645868c83,False,,,1.47,2,,2026/09/20/[$LATEST]b57b62874e9743659cc51570b4e677ec,424.9
aws-lambda,forzado,22,5,2026-09-19T21:56:36.610,424.7,200,a30560ba-6811-40c8-9717-b68971301b05,,4403,,b5f58fbf-517b-4784-9edf-740b0bb53fbe,False,,,12.84,13,,2026/09/20/[$LATEST]b57b62874e9743659cc51570b4e677ec,411.9
aws-lambda,forzado,23,0,2026-09-19T21:56:54.792,823.6,200,3a32bdd8-ea93-40e4-a3ea-bb41e5d1acec,,7,,328af84a-498e-4761-9f21-e667b278cd4d,True,instance_id_cambio,,41.95,196,153.31,2026/09/20/[$LATEST]1296d16a054a4101a5b37843888a8050,628.3
aws-lambda,forzado,23,1,2026-09-19T21:56:55.763,466.0,200,3a32bdd8-ea93-40e4-a3ea-bb41e5d1acec,,927,,40c9b28d-1210-4d77-8747-5b37ac530e4c,False,,,1.59,2,,2026/09/20/[$LATEST]1296d16a054a4101a5b37843888a8050,464.4
aws-lambda,forzado,23,2,2026-09-19T21:56:56.692,426.7,200,3a32bdd8-ea93-40e4-a3ea-bb41e5d1acec,,1784,,c86168fb-0498-4d30-be32-64f9fa1d4d55,False,,,1.86,2,,2026/09/20/[$LATEST]1296d16a054a4101a5b37843888a8050,424.8
aws-lambda,forzado,23,3,2026-09-19T21:56:57.684,481.9,200,3a32bdd8-ea93-40e4-a3ea-bb41e5d1acec,,2701,,557ebbea-061c-44b0-97e3-f9bbabd088ff,False,,,1.50,2,,2026/09/20/[$LATEST]1296d16a054a4101a5b37843888a8050,480.4
aws-lambda,forzado,23,4,2026-09-19T21:56:58.656,460.9,200,3a32bdd8-ea93-40e4-a3ea-bb41e5d1acec,,3598,,cdba86a2-d247-45e7-b6ef-f1a669da3076,False,,,1.46,2,,2026/09/20/[$LATEST]1296d16a054a4101a5b37843888a8050,459.4
aws-lambda,forzado,23,5,2026-09-19T21:56:59.614,457.0,200,3a32bdd8-ea93-40e4-a3ea-bb41e5d1acec,,4482,,833a1856-ad9f-443d-813a-f564727acc6f,False,,,1.42,2,,2026/09/20/[$LATEST]1296d16a054a4101a5b37843888a8050,455.6
aws-lambda,forzado,24,0,2026-09-19T21:57:15.392,823.2,200,322e0aec-7f78-49a5-9efb-029f80b22721,,7,,10794498-1617-45d0-8621-580943119e7a,True,instance_id_cambio,,27.03,203,175.07,2026/09/20/[$LATEST]65493e083bfd49c3aa3a50249c551516,621.1
aws-lambda,forzado,24,1,2026-09-19T21:57:16.364,431.8,200,322e0aec-7f78-49a5-9efb-029f80b22721,,928,,789537a2-92b3-4066-85ef-5c8301e040d4,False,,,1.72,2,,2026/09/20/[$LATEST]65493e083bfd49c3aa3a50249c551516,430.1
aws-lambda,forzado,24,2,2026-09-19T21:57:17.309,436.5,200,322e0aec-7f78-49a5-9efb-029f80b22721,,1800,,a12ded86-63c9-4f7c-8dfe-6ba71c64055e,False,,,1.79,2,,2026/09/20/[$LATEST]65493e083bfd49c3aa3a50249c551516,434.7
aws-lambda,forzado,24,3,2026-09-19T21:57:18.268,427.5,200,322e0aec-7f78-49a5-9efb-029f80b22721,,2685,,c9d69306-5751-4031-b447-912b6d17f95e,False,,,1.78,2,,2026/09/20/[$LATEST]65493e083bfd49c3aa3a50249c551516,425.7
aws-lambda,forzado,24,4,2026-09-19T21:57:19.221,430.2,200,322e0aec-7f78-49a5-9efb-029f80b22721,,3564,,80e302e0-0c2a-408a-8b15-dc5ab26093a3,False,,,1.48,2,,2026/09/20/[$LATEST]65493e083bfd49c3aa3a50249c551516,428.7
aws-lambda,forzado,24,5,2026-09-19T21:57:20.230,468.9,200,322e0aec-7f78-49a5-9efb-029f80b22721,,4496,,832e4b9e-37a3-4ca0-b72f-48bd3b6d0786,False,,,1.42,2,,2026/09/20/[$LATEST]65493e083bfd49c3aa3a50249c551516,467.5
aws-lambda,forzado,25,0,2026-09-19T21:57:35.061,754.9,200,a753da39-52ab-4d06-8399-df6da1487681,,5,,440eeecd-f069-4642-889d-52623ab6076d,True,instance_id_cambio,,29.23,149,119.26,2026/09/20/[$LATEST]23dd7c06a594428da40461e006d4cc2d,606.4
aws-lambda,forzado,25,1,2026-09-19T21:57:35.999,437.3,200,a753da39-52ab-4d06-8399-df6da1487681,,881,,503ae446-af78-47f0-9382-d41dee496cb5,False,,,1.67,2,,2026/09/20/[$LATEST]23dd7c06a594428da40461e006d4cc2d,435.6
aws-lambda,forzado,25,2,2026-09-19T21:57:36.959,448.5,200,a753da39-52ab-4d06-8399-df6da1487681,,1769,,e6e08fe1-2616-4779-920d-4b3db3d473ab,False,,,1.98,2,,2026/09/20/[$LATEST]23dd7c06a594428da40461e006d4cc2d,446.5
aws-lambda,forzado,25,3,2026-09-19T21:57:37.926,425.5,200,a753da39-52ab-4d06-8399-df6da1487681,,2660,,0b66ab2d-87e2-4777-b4a1-5111e27aea00,False,,,1.49,2,,2026/09/20/[$LATEST]23dd7c06a594428da40461e006d4cc2d,424.0
aws-lambda,forzado,25,4,2026-09-19T21:57:38.849,421.6,200,a753da39-52ab-4d06-8399-df6da1487681,,3512,,6a9513a0-d15a-4089-b6ae-3ce2d95fbbeb,False,,,1.49,2,,2026/09/20/[$LATEST]23dd7c06a594428da40461e006d4cc2d,420.1
aws-lambda,forzado,25,5,2026-09-19T21:57:39.818,429.0,200,a753da39-52ab-4d06-8399-df6da1487681,,4406,,1e13f670-d09f-4b4a-bdf7-89586abf675e,False,,,1.42,2,,2026/09/20/[$LATEST]23dd7c06a594428da40461e006d4cc2d,427.6
