request_id,log_stream,ts_cloudwatch,duration_ms,billed_ms,memory_mb,max_memory_mb,init_duration_ms
0d544e41-6536-4a6d-bf90-6ecd8b677402,2026/09/20/[$LATEST]0ec5a3a5dfba49c19d9c015ddd020ddd,2026-09-20T00:48:40.910000+00:00,36.48,178,128,82,141.40
6e2eee22-4015-49a1-b55c-3a591be9984d,2026/09/20/[$LATEST]0ec5a3a5dfba49c19d9c015ddd020ddd,2026-09-20T00:48:41.832000+00:00,1.55,2,128,82,
ad142022-a6ad-4d16-9929-646a7fa40b90,2026/09/20/[$LATEST]0ec5a3a5dfba49c19d9c015ddd020ddd,2026-09-20T00:48:42.721000+00:00,1.54,2,128,82,
91573e1b-800c-4c78-abda-dce74ade48f8,2026/09/20/[$LATEST]0ec5a3a5dfba49c19d9c015ddd020ddd,2026-09-20T00:48:43.588000+00:00,1.44,2,128,82,
3419ca8c-4e07-45ed-aeda-ec92039a5b55,2026/09/20/[$LATEST]0ec5a3a5dfba49c19d9c015ddd020ddd,2026-09-20T00:48:44.471000+00:00,1.36,2,128,82,
94477a28-7b46-4f4c-a507-cc6fbc993463,2026/09/20/[$LATEST]0ec5a3a5dfba49c19d9c015ddd020ddd,2026-09-20T00:48:45.353000+00:00,1.39,2,128,82,
c7a7db6b-737e-43af-b2fd-ffbc7da05f0b,2026/09/20/[$LATEST]30674f7380014a2590798a30eee4fc74,2026-09-20T00:49:02.296000+00:00,28.88,151,128,82,121.62
748ba597-5d25-4089-8acb-f3068a18fc74,2026/09/20/[$LATEST]30674f7380014a2590798a30eee4fc74,2026-09-20T00:49:03.175000+00:00,11.43,12,128,82,
a8285384-4b6f-404f-8616-82f94d98a108,2026/09/20/[$LATEST]30674f7380014a2590798a30eee4fc74,2026-09-20T00:49:04.094000+00:00,1.84,2,128,82,
e73fb269-8a36-4654-b1fa-b40f52465ebe,2026/09/20/[$LATEST]30674f7380014a2590798a30eee4fc74,2026-09-20T00:49:04.951000+00:00,1.64,2,128,82,
cae1e197-3e5d-47f8-ba18-59b62fc598e9,2026/09/20/[$LATEST]30674f7380014a2590798a30eee4fc74,2026-09-20T00:49:05.806000+00:00,1.54,2,128,82,
c83b967d-7e4b-4913-82ac-e8cc20210f83,2026/09/20/[$LATEST]30674f7380014a2590798a30eee4fc74,2026-09-20T00:49:06.695000+00:00,1.78,2,128,82,
b625b7ba-cdb4-46d9-9c42-f8600545386c,2026/09/20/[$LATEST]6d1dc99a0cce4e5ea69142ebd292c2d1,2026-09-20T00:49:31.516000+00:00,37.64,181,128,82,142.96
b7e9bedc-f99c-478e-9583-3de2697d9f3e,2026/09/20/[$LATEST]6d1dc99a0cce4e5ea69142ebd292c2d1,2026-09-20T00:49:32.457000+00:00,1.77,2,128,82,
0191057d-7908-476a-9aae-877b73f69033,2026/09/20/[$LATEST]6d1dc99a0cce4e5ea69142ebd292c2d1,2026-09-20T00:49:33.395000+00:00,1.79,2,128,82,
5ee2b988-b812-437c-9d2c-6188289dc3d2,2026/09/20/[$LATEST]6d1dc99a0cce4e5ea69142ebd292c2d1,2026-09-20T00:49:34.333000+00:00,1.52,2,128,82,
dd527841-2d6a-4fe2-a835-b3d06ae11e3e,2026/09/20/[$LATEST]6d1dc99a0cce4e5ea69142ebd292c2d1,2026-09-20T00:49:35.274000+00:00,1.51,2,128,82,
e3090756-5666-423f-b066-8505101a1079,2026/09/20/[$LATEST]6d1dc99a0cce4e5ea69142ebd292c2d1,2026-09-20T00:49:36.248000+00:00,1.47,2,128,82,
1e615c74-34d0-45fe-9923-7d73390d93aa,2026/09/20/[$LATEST]58fb6409466840b2b1e8c9d458f8526d,2026-09-20T00:50:01.483000+00:00,27.15,174,128,82,146.29
c24d1bf1-a77e-4610-a11c-bc6435fe0a59,2026/09/20/[$LATEST]58fb6409466840b2b1e8c9d458f8526d,2026-09-20T00:50:02.341000+00:00,1.74,2,128,82,
e7d26e91-f886-40c8-9b29-fb8faf18a9d4,2026/09/20/[$LATEST]58fb6409466840b2b1e8c9d458f8526d,2026-09-20T00:50:03.202000+00:00,14.19,15,128,82,
1770b586-b37a-473f-ba65-bb1a9c0736dc,2026/09/20/[$LATEST]58fb6409466840b2b1e8c9d458f8526d,2026-09-20T00:50:04.081000+00:00,1.58,2,128,82,
a1a6298a-d099-48d2-bd39-4ff25b0e32ce,2026/09/20/[$LATEST]58fb6409466840b2b1e8c9d458f8526d,2026-09-20T00:50:04.964000+00:00,1.64,2,128,82,
9f084046-8d43-4ab2-abcb-34d270cc2932,2026/09/20/[$LATEST]58fb6409466840b2b1e8c9d458f8526d,2026-09-20T00:50:05.863000+00:00,1.48,2,128,82,
0bca90a8-161f-425b-968e-1518ded3efad,2026/09/20/[$LATEST]7a530ef8877a46e59988fa474de4ad6a,2026-09-20T00:50:30.212000+00:00,39.78,197,128,82,156.78
6b172fa3-79f3-4409-b311-76ab80085871,2026/09/20/[$LATEST]7a530ef8877a46e59988fa474de4ad6a,2026-09-20T00:50:31.114000+00:00,2.52,3,128,82,
4ed23335-55bb-450f-b25f-d0fcaf55264c,2026/09/20/[$LATEST]7a530ef8877a46e59988fa474de4ad6a,2026-09-20T00:50:32.009000+00:00,1.88,2,128,82,
a3ed456f-90a4-4828-ac8f-c3ad818e1ebd,2026/09/20/[$LATEST]7a530ef8877a46e59988fa474de4ad6a,2026-09-20T00:50:32.900000+00:00,1.39,2,128,82,
ac95b6a2-a466-4a81-a9ce-c55c0390561b,2026/09/20/[$LATEST]7a530ef8877a46e59988fa474de4ad6a,2026-09-20T00:50:33.789000+00:00,1.67,2,128,82,
2a2da285-1c8b-4eb8-b326-771c5a189649,2026/09/20/[$LATEST]7a530ef8877a46e59988fa474de4ad6a,2026-09-20T00:50:34.699000+00:00,1.51,2,128,82,
0a1b95a0-3cf5-400c-bd92-8b32ff1fdf7c,2026/09/20/[$LATEST]34d362a0b4f0466e92d4ada610ef2ee0,2026-09-20T00:50:51.014000+00:00,23.68,182,128,82,157.40
a57ccfb5-1eaa-47f5-8fe0-d271be71b914,2026/09/20/[$LATEST]34d362a0b4f0466e92d4ada610ef2ee0,2026-09-20T00:50:51.868000+00:00,1.86,2,128,82,
8bcb1e29-9871-4af3-8f42-3681a628c0e6,2026/09/20/[$LATEST]34d362a0b4f0466e92d4ada610ef2ee0,2026-09-20T00:50:52.727000+00:00,1.83,2,128,82,
be89d854-d7e3-45fb-bf06-61d5b004ca86,2026/09/20/[$LATEST]34d362a0b4f0466e92d4ada610ef2ee0,2026-09-20T00:50:53.602000+00:00,1.68,2,128,82,
cb83a0f4-d7a1-466f-8db2-a744acdd3e80,2026/09/20/[$LATEST]34d362a0b4f0466e92d4ada610ef2ee0,2026-09-20T00:50:54.463000+00:00,1.48,2,128,82,
c3f40f40-fbb3-4141-95a6-59807ed32150,2026/09/20/[$LATEST]34d362a0b4f0466e92d4ada610ef2ee0,2026-09-20T00:50:55.317000+00:00,1.49,2,128,82,
0c851ab3-4f99-41f4-bed9-323b598adc30,2026/09/20/[$LATEST]016bc37ba2c24c749456906e1c1a11dd,2026-09-20T00:51:19.398000+00:00,24.75,173,128,82,148.10
80422069-c47a-467c-90f5-29cf5b6008af,2026/09/20/[$LATEST]016bc37ba2c24c749456906e1c1a11dd,2026-09-20T00:51:20.262000+00:00,1.96,2,128,82,
f43b6196-635d-4902-853b-5a75ff8b8e94,2026/09/20/[$LATEST]016bc37ba2c24c749456906e1c1a11dd,2026-09-20T00:51:21.119000+00:00,1.94,2,128,82,
f97619fc-8289-4611-ad1e-00f54a749dfc,2026/09/20/[$LATEST]016bc37ba2c24c749456906e1c1a11dd,2026-09-20T00:51:21.996000+00:00,1.59,2,128,82,
5cfe5ca4-94cb-4409-a771-9b7ec5fb2e78,2026/09/20/[$LATEST]016bc37ba2c24c749456906e1c1a11dd,2026-09-20T00:51:22.874000+00:00,1.62,2,128,82,
a67f7fae-ff05-4c2c-9c20-6e57d5f49b5a,2026/09/20/[$LATEST]016bc37ba2c24c749456906e1c1a11dd,2026-09-20T00:51:23.768000+00:00,1.41,2,128,82,
e5cde629-944f-43ed-b6d2-42d26bf83ccd,2026/09/20/[$LATEST]e032ed583edc4e5fa454e6909ccf6e0b,2026-09-20T00:51:39.765000+00:00,31.02,226,128,82,194.08
3964bfec-310a-40d7-94bf-aa8281395c80,2026/09/20/[$LATEST]e032ed583edc4e5fa454e6909ccf6e0b,2026-09-20T00:51:40.641000+00:00,1.71,2,128,82,
97926245-7f41-45d3-801a-4ca7a63b7b18,2026/09/20/[$LATEST]e032ed583edc4e5fa454e6909ccf6e0b,2026-09-20T00:51:41.563000+00:00,1.91,2,128,83,
d95e22a5-5e1f-43ca-bf76-8c6f8765927d,2026/09/20/[$LATEST]e032ed583edc4e5fa454e6909ccf6e0b,2026-09-20T00:51:42.426000+00:00,1.45,2,128,83,
8473893d-2a62-40d4-b1a9-e3cec61fb49a,2026/09/20/[$LATEST]e032ed583edc4e5fa454e6909ccf6e0b,2026-09-20T00:51:43.297000+00:00,1.46,2,128,83,
4e21c5ae-2bb3-4490-8d20-d6126ed78ab9,2026/09/20/[$LATEST]e032ed583edc4e5fa454e6909ccf6e0b,2026-09-20T00:51:44.167000+00:00,1.46,2,128,83,
b06da939-88f3-4813-b862-4d675238677a,2026/09/20/[$LATEST]27114d5f907a466ca5eb7ad4d4a075cd,2026-09-20T00:52:00.638000+00:00,10.80,153,128,82,141.53
08b5fb18-8f17-4780-b20b-290d2c848eda,2026/09/20/[$LATEST]27114d5f907a466ca5eb7ad4d4a075cd,2026-09-20T00:52:01.497000+00:00,1.77,2,128,82,
eab6637e-1109-4eb4-9279-d3eec11ff445,2026/09/20/[$LATEST]27114d5f907a466ca5eb7ad4d4a075cd,2026-09-20T00:52:02.414000+00:00,1.59,2,128,82,
747d0782-f3de-4a13-8259-fe3b6a24e14d,2026/09/20/[$LATEST]27114d5f907a466ca5eb7ad4d4a075cd,2026-09-20T00:52:03.263000+00:00,1.41,2,128,82,
9a711ab2-3bc5-4c7e-979b-79fc438ec8b1,2026/09/20/[$LATEST]27114d5f907a466ca5eb7ad4d4a075cd,2026-09-20T00:52:04.148000+00:00,1.47,2,128,82,
804be768-67ec-44ea-8330-0a6992d8d48b,2026/09/20/[$LATEST]27114d5f907a466ca5eb7ad4d4a075cd,2026-09-20T00:52:05.004000+00:00,1.39,2,128,82,
25cdb2de-37f4-4fb7-9ccd-445f34dd062c,2026/09/20/[$LATEST]56e8c60294524d83a9773420bc1538a9,2026-09-20T00:52:22.151000+00:00,23.43,172,128,82,148.28
27bdd9e1-1583-4102-aad0-2c244039dd23,2026/09/20/[$LATEST]56e8c60294524d83a9773420bc1538a9,2026-09-20T00:52:23.111000+00:00,1.64,2,128,82,
8e22e769-a4b1-4a21-a8cd-99cbde23a323,2026/09/20/[$LATEST]56e8c60294524d83a9773420bc1538a9,2026-09-20T00:52:24.007000+00:00,1.65,2,128,82,
578bbd82-cead-4a97-a6d4-4eeb24d566fc,2026/09/20/[$LATEST]56e8c60294524d83a9773420bc1538a9,2026-09-20T00:52:24.867000+00:00,1.67,2,128,82,
f7b079ff-eba7-4495-b411-9c7cebfac39f,2026/09/20/[$LATEST]56e8c60294524d83a9773420bc1538a9,2026-09-20T00:52:25.739000+00:00,1.39,2,128,82,
bd794ce0-7f22-4519-a94f-77745a9e7371,2026/09/20/[$LATEST]56e8c60294524d83a9773420bc1538a9,2026-09-20T00:52:26.625000+00:00,1.56,2,128,82,
8ee89a09-5109-417a-b086-848fa412c6b2,2026/09/20/[$LATEST]68662d61859d4fc7a3a479d521b13b38,2026-09-20T00:52:42.659000+00:00,39.79,191,128,82,150.42
c34b3bf7-3349-4b74-9f19-ce5b5e088d47,2026/09/20/[$LATEST]68662d61859d4fc7a3a479d521b13b38,2026-09-20T00:52:43.556000+00:00,1.87,2,128,82,
ab86bfce-5088-4416-8d27-187b37d02cee,2026/09/20/[$LATEST]68662d61859d4fc7a3a479d521b13b38,2026-09-20T00:52:44.434000+00:00,1.77,2,128,82,
15b22d91-cb3e-4b78-ae4e-673c83414247,2026/09/20/[$LATEST]68662d61859d4fc7a3a479d521b13b38,2026-09-20T00:52:45.321000+00:00,1.44,2,128,82,
e042472f-ddc9-4e44-956a-5ad2254e6bd6,2026/09/20/[$LATEST]68662d61859d4fc7a3a479d521b13b38,2026-09-20T00:52:46.209000+00:00,1.45,2,128,82,
4077f192-f0ef-4a9f-adf5-7447f5d0afed,2026/09/20/[$LATEST]68662d61859d4fc7a3a479d521b13b38,2026-09-20T00:52:47.089000+00:00,1.29,2,128,82,
3228ec58-995b-455c-a79e-552f556dc2dd,2026/09/20/[$LATEST]799ef8a0ec4f4ebca220ebaeb654f5be,2026-09-20T00:53:03.483000+00:00,28.32,176,128,82,147.07
bdb50311-5e31-40a1-a3cd-d4f78b94380a,2026/09/20/[$LATEST]799ef8a0ec4f4ebca220ebaeb654f5be,2026-09-20T00:53:04.342000+00:00,1.82,2,128,82,
322fee1c-f6e8-4d36-bad1-3bc56b0a57f7,2026/09/20/[$LATEST]799ef8a0ec4f4ebca220ebaeb654f5be,2026-09-20T00:53:05.189000+00:00,2.05,3,128,82,
16a81938-d72d-4df9-9be5-76df8f571c3b,2026/09/20/[$LATEST]799ef8a0ec4f4ebca220ebaeb654f5be,2026-09-20T00:53:06.104000+00:00,1.76,2,128,82,
8970fca7-cd87-42c1-af4b-4c3b93acc152,2026/09/20/[$LATEST]799ef8a0ec4f4ebca220ebaeb654f5be,2026-09-20T00:53:06.979000+00:00,1.43,2,128,82,
a4c6a3ea-f681-41a6-ac79-ea2cc6fc2563,2026/09/20/[$LATEST]799ef8a0ec4f4ebca220ebaeb654f5be,2026-09-20T00:53:07.840000+00:00,1.39,2,128,82,
1fa665b7-a968-4ff3-bfb3-555c4100cab6,2026/09/20/[$LATEST]468edf9ebdb941f991222ce36aef516d,2026-09-20T00:53:24.698000+00:00,22.69,180,128,82,157.00
1108ba65-b152-4f5c-839c-5fa16e49a6d4,2026/09/20/[$LATEST]468edf9ebdb941f991222ce36aef516d,2026-09-20T00:53:25.627000+00:00,1.65,2,128,82,
18a293a0-ebf8-4e8f-aaea-d06f84c7cc66,2026/09/20/[$LATEST]468edf9ebdb941f991222ce36aef516d,2026-09-20T00:53:26.556000+00:00,1.95,2,128,82,
a9a4ea7f-228e-4016-a287-0f99320ad3bb,2026/09/20/[$LATEST]468edf9ebdb941f991222ce36aef516d,2026-09-20T00:53:27.417000+00:00,1.48,2,128,82,
007a2d39-fd49-4136-b484-e53aa466ce84,2026/09/20/[$LATEST]468edf9ebdb941f991222ce36aef516d,2026-09-20T00:53:28.280000+00:00,1.43,2,128,82,
5c11cce6-a8da-4a3d-ae76-ea48ef12e8b7,2026/09/20/[$LATEST]468edf9ebdb941f991222ce36aef516d,2026-09-20T00:53:29.152000+00:00,1.36,2,128,82,
2ad067c0-c8e8-49ef-ac87-7f5f73250331,2026/09/20/[$LATEST]39659e93b0c14c499f3487bf5c7c7400,2026-09-20T00:53:45.282000+00:00,40.14,200,128,82,158.94
5a27b084-9ab7-4d21-a93b-19fc1e4918fa,2026/09/20/[$LATEST]39659e93b0c14c499f3487bf5c7c7400,2026-09-20T00:53:46.162000+00:00,1.82,2,128,82,
67c30fc5-2cf6-443c-ab7c-0097f857cc00,2026/09/20/[$LATEST]39659e93b0c14c499f3487bf5c7c7400,2026-09-20T00:53:47.056000+00:00,1.72,2,128,82,
a4a6c8e5-eec0-4ba0-bc8e-9dd3d641d3fb,2026/09/20/[$LATEST]39659e93b0c14c499f3487bf5c7c7400,2026-09-20T00:53:47.972000+00:00,1.60,2,128,82,
9d2c368d-98f3-4b40-b8fe-0cffee322843,2026/09/20/[$LATEST]39659e93b0c14c499f3487bf5c7c7400,2026-09-20T00:53:48.862000+00:00,1.44,2,128,82,
8688d7fc-7420-47a5-8563-f90f2a54049f,2026/09/20/[$LATEST]39659e93b0c14c499f3487bf5c7c7400,2026-09-20T00:53:49.716000+00:00,1.54,2,128,82,
08142268-ccaa-4866-b567-30ac820ddd71,2026/09/20/[$LATEST]c1f5f41f251a46a4b5e52ea600f4aa45,2026-09-20T00:54:05.792000+00:00,31.70,196,128,82,164.21
ca0eb2d1-09b2-4105-8c72-ce7c92ae24b3,2026/09/20/[$LATEST]c1f5f41f251a46a4b5e52ea600f4aa45,2026-09-20T00:54:06.650000+00:00,1.75,2,128,82,
dc91f8d4-dccc-4c0c-a3cb-9a5b691f4b1d,2026/09/20/[$LATEST]c1f5f41f251a46a4b5e52ea600f4aa45,2026-09-20T00:54:07.487000+00:00,1.67,2,128,82,
07fcb04f-24e0-4571-a765-549d40ad3713,2026/09/20/[$LATEST]c1f5f41f251a46a4b5e52ea600f4aa45,2026-09-20T00:54:08.390000+00:00,1.60,2,128,82,
d4b8833a-28ae-4935-aaba-215227739c6e,2026/09/20/[$LATEST]c1f5f41f251a46a4b5e52ea600f4aa45,2026-09-20T00:54:09.283000+00:00,1.49,2,128,82,
360010ef-24ea-4aac-ae14-94933663aebe,2026/09/20/[$LATEST]c1f5f41f251a46a4b5e52ea600f4aa45,2026-09-20T00:54:10.148000+00:00,1.39,2,128,82,
f128ba80-cc7a-4de3-a3d5-5f20d371db7a,2026/09/20/[$LATEST]2c2528b2f3a14a8f92a9cfa26d10c3aa,2026-09-20T00:54:27.323000+00:00,28.78,182,128,82,152.51
f4350a11-13e3-408f-8b26-ae3be2f8462b,2026/09/20/[$LATEST]2c2528b2f3a14a8f92a9cfa26d10c3aa,2026-09-20T00:54:28.183000+00:00,1.78,2,128,82,
24216771-98f9-4c96-86e6-1503209eb961,2026/09/20/[$LATEST]2c2528b2f3a14a8f92a9cfa26d10c3aa,2026-09-20T00:54:29.084000+00:00,1.86,2,128,82,
428f3480-b361-4b15-8a38-aeacc722df57,2026/09/20/[$LATEST]2c2528b2f3a14a8f92a9cfa26d10c3aa,2026-09-20T00:54:29.971000+00:00,1.53,2,128,82,
565345a7-c281-49f2-9ea7-3a420321b00c,2026/09/20/[$LATEST]2c2528b2f3a14a8f92a9cfa26d10c3aa,2026-09-20T00:54:30.831000+00:00,1.73,2,128,82,
5988cbce-11c3-4dfb-8545-2f2ae335ce62,2026/09/20/[$LATEST]2c2528b2f3a14a8f92a9cfa26d10c3aa,2026-09-20T00:54:31.703000+00:00,1.51,2,128,82,
a4acc093-b541-4aee-8077-c8902a2c2462,2026/09/20/[$LATEST]b521cbf734fe4d39aa415825d4b15c14,2026-09-20T00:54:47.795000+00:00,32.62,181,128,82,147.85
2c376ac7-124d-46f5-bdc6-ee9fb80b0cfd,2026/09/20/[$LATEST]b521cbf734fe4d39aa415825d4b15c14,2026-09-20T00:54:48.673000+00:00,1.71,2,128,82,
7a1c736a-3a12-4843-afd3-b6a6b431ab42,2026/09/20/[$LATEST]b521cbf734fe4d39aa415825d4b15c14,2026-09-20T00:54:49.534000+00:00,1.66,2,128,82,
e4fb5c8d-02b0-44d3-8583-7b4012b80b28,2026/09/20/[$LATEST]b521cbf734fe4d39aa415825d4b15c14,2026-09-20T00:54:50.392000+00:00,1.52,2,128,82,
ac2dbc2c-ecc8-41cc-a151-ad069b8c1874,2026/09/20/[$LATEST]b521cbf734fe4d39aa415825d4b15c14,2026-09-20T00:54:51.252000+00:00,1.40,2,128,82,
6e480d4b-40d1-45ff-a63f-5293807b45b5,2026/09/20/[$LATEST]b521cbf734fe4d39aa415825d4b15c14,2026-09-20T00:54:52.143000+00:00,1.42,2,128,82,
c1ca08b6-41c6-4e5c-a0b1-1ddb9f4a8653,2026/09/20/[$LATEST]cef2276edaea44838bc8eb5b65ef0edc,2026-09-20T00:55:08.588000+00:00,46.20,225,128,82,178.26
73210c01-5739-4b29-b517-ab0119545019,2026/09/20/[$LATEST]cef2276edaea44838bc8eb5b65ef0edc,2026-09-20T00:55:09.448000+00:00,12.99,13,128,82,
d39bca5a-28b9-41f0-9184-ed0f769e9c18,2026/09/20/[$LATEST]cef2276edaea44838bc8eb5b65ef0edc,2026-09-20T00:55:10.307000+00:00,1.83,2,128,82,
582b9c49-2e96-4201-8dd4-30358fe2a180,2026/09/20/[$LATEST]cef2276edaea44838bc8eb5b65ef0edc,2026-09-20T00:55:11.164000+00:00,1.39,2,128,82,
b0f010db-6719-4fde-949e-af8c05ea8873,2026/09/20/[$LATEST]cef2276edaea44838bc8eb5b65ef0edc,2026-09-20T00:55:12.024000+00:00,1.48,2,128,82,
1d2f31f6-7a68-4f6c-b3e5-106cf69449c2,2026/09/20/[$LATEST]cef2276edaea44838bc8eb5b65ef0edc,2026-09-20T00:55:12.893000+00:00,1.45,2,128,82,
9df65dca-a85a-4fc6-8091-1eb0325d0245,2026/09/20/[$LATEST]03007637bc8f413d9078f4cf2e383abc,2026-09-20T00:55:29.827000+00:00,27.57,147,128,82,119.11
567bc654-9568-44e7-9056-4460b18c240b,2026/09/20/[$LATEST]03007637bc8f413d9078f4cf2e383abc,2026-09-20T00:55:30.677000+00:00,1.73,2,128,82,
91b270d3-cc07-4382-87b6-0a1f0b4dad9c,2026/09/20/[$LATEST]03007637bc8f413d9078f4cf2e383abc,2026-09-20T00:55:31.566000+00:00,1.69,2,128,82,
580ae673-8756-4d19-922c-5c65512567b4,2026/09/20/[$LATEST]03007637bc8f413d9078f4cf2e383abc,2026-09-20T00:55:32.466000+00:00,1.50,2,128,82,
d74561dc-73ba-46b0-b7b0-63734e5f37da,2026/09/20/[$LATEST]03007637bc8f413d9078f4cf2e383abc,2026-09-20T00:55:33.306000+00:00,3.07,4,128,82,
88844c7f-80ed-4f3d-9be8-5fc6cf451fc4,2026/09/20/[$LATEST]03007637bc8f413d9078f4cf2e383abc,2026-09-20T00:55:34.249000+00:00,1.34,2,128,82,
500d2523-00ef-4a94-8de5-b52ac88a9bf1,2026/09/20/[$LATEST]8acc920e89e549ac8cb8a4ce2c657ea0,2026-09-20T00:55:50.329000+00:00,40.66,215,128,82,174.20
a627df4f-210f-4b18-a79a-77c5e574b469,2026/09/20/[$LATEST]8acc920e89e549ac8cb8a4ce2c657ea0,2026-09-20T00:55:51.246000+00:00,1.73,2,128,82,
fd46beff-fc26-4118-8725-5e59edcab9f9,2026/09/20/[$LATEST]8acc920e89e549ac8cb8a4ce2c657ea0,2026-09-20T00:55:52.107000+00:00,1.72,2,128,82,
d380c4c7-06f0-419d-adfc-ca24279a7138,2026/09/20/[$LATEST]8acc920e89e549ac8cb8a4ce2c657ea0,2026-09-20T00:55:52.980000+00:00,1.39,2,128,82,
96220cd9-5f77-410b-bd4c-a59b656a76bf,2026/09/20/[$LATEST]8acc920e89e549ac8cb8a4ce2c657ea0,2026-09-20T00:55:53.877000+00:00,1.52,2,128,82,
5f71b4fb-e9fc-4819-b32a-8275e935bc05,2026/09/20/[$LATEST]8acc920e89e549ac8cb8a4ce2c657ea0,2026-09-20T00:55:54.732000+00:00,1.81,2,128,82,
5235ba51-0543-46bc-a605-ffce4ba4390f,2026/09/20/[$LATEST]ea09832f9b4740b48d10882d8af88fe4,2026-09-20T00:56:11.372000+00:00,36.37,168,128,82,131.04
dc9b1973-830e-468c-b595-a195edb17782,2026/09/20/[$LATEST]ea09832f9b4740b48d10882d8af88fe4,2026-09-20T00:56:12.218000+00:00,1.77,2,128,82,
268ca20d-38af-4ec3-9eae-8f7e28b3a5f4,2026/09/20/[$LATEST]ea09832f9b4740b48d10882d8af88fe4,2026-09-20T00:56:13.111000+00:00,13.63,14,128,82,
023bdf05-96c6-452a-ad82-3ec9d610cd8a,2026/09/20/[$LATEST]ea09832f9b4740b48d10882d8af88fe4,2026-09-20T00:56:13.958000+00:00,1.56,2,128,82,
ce4cd673-10d4-4e22-81b4-eba16b20b128,2026/09/20/[$LATEST]ea09832f9b4740b48d10882d8af88fe4,2026-09-20T00:56:14.831000+00:00,3.38,4,128,82,
3d53e3a4-461e-4a97-bf68-9861d052f4ed,2026/09/20/[$LATEST]ea09832f9b4740b48d10882d8af88fe4,2026-09-20T00:56:15.726000+00:00,1.61,2,128,82,
2fbae59a-8f87-4efc-8994-cf96da9d663e,2026/09/20/[$LATEST]b57b62874e9743659cc51570b4e677ec,2026-09-20T00:56:31.955000+00:00,32.98,158,128,82,124.17
ae1488c4-7353-456c-a71d-425c32bea3a9,2026/09/20/[$LATEST]b57b62874e9743659cc51570b4e677ec,2026-09-20T00:56:32.832000+00:00,1.59,2,128,82,
2e99407c-f25b-4e01-a314-190cef83b03e,2026/09/20/[$LATEST]b57b62874e9743659cc51570b4e677ec,2026-09-20T00:56:33.697000+00:00,1.70,2,128,82,
55880744-4f6a-4ed0-aa97-51fb31e6b130,2026/09/20/[$LATEST]b57b62874e9743659cc51570b4e677ec,2026-09-20T00:56:34.612000+00:00,1.78,2,128,82,
7d6836b2-b598-4176-9985-63f645868c83,2026/09/20/[$LATEST]b57b62874e9743659cc51570b4e677ec,2026-09-20T00:56:35.457000+00:00,1.47,2,128,82,
b5f58fbf-517b-4784-9edf-740b0bb53fbe,2026/09/20/[$LATEST]b57b62874e9743659cc51570b4e677ec,2026-09-20T00:56:36.333000+00:00,12.84,13,128,82,
328af84a-498e-4761-9f21-e667b278cd4d,2026/09/20/[$LATEST]1296d16a054a4101a5b37843888a8050,2026-09-20T00:56:53.120000+00:00,41.95,196,128,82,153.31
40c9b28d-1210-4d77-8747-5b37ac530e4c,2026/09/20/[$LATEST]1296d16a054a4101a5b37843888a8050,2026-09-20T00:56:54.001000+00:00,1.59,2,128,82,
c86168fb-0498-4d30-be32-64f9fa1d4d55,2026/09/20/[$LATEST]1296d16a054a4101a5b37843888a8050,2026-09-20T00:56:54.859000+00:00,1.86,2,128,82,
557ebbea-061c-44b0-97e3-f9bbabd088ff,2026/09/20/[$LATEST]1296d16a054a4101a5b37843888a8050,2026-09-20T00:56:55.778000+00:00,1.50,2,128,82,
cdba86a2-d247-45e7-b6ef-f1a669da3076,2026/09/20/[$LATEST]1296d16a054a4101a5b37843888a8050,2026-09-20T00:56:56.671000+00:00,1.46,2,128,82,
833a1856-ad9f-443d-813a-f564727acc6f,2026/09/20/[$LATEST]1296d16a054a4101a5b37843888a8050,2026-09-20T00:56:57.555000+00:00,1.42,2,128,82,
10794498-1617-45d0-8621-580943119e7a,2026/09/20/[$LATEST]65493e083bfd49c3aa3a50249c551516,2026-09-20T00:57:14.413000+00:00,27.03,203,128,82,175.07
789537a2-92b3-4066-85ef-5c8301e040d4,2026/09/20/[$LATEST]65493e083bfd49c3aa3a50249c551516,2026-09-20T00:57:15.309000+00:00,1.72,2,128,82,
a12ded86-63c9-4f7c-8dfe-6ba71c64055e,2026/09/20/[$LATEST]65493e083bfd49c3aa3a50249c551516,2026-09-20T00:57:16.182000+00:00,1.79,2,128,82,
c9d69306-5751-4031-b447-912b6d17f95e,2026/09/20/[$LATEST]65493e083bfd49c3aa3a50249c551516,2026-09-20T00:57:17.067000+00:00,1.78,2,128,82,
80e302e0-0c2a-408a-8b15-dc5ab26093a3,2026/09/20/[$LATEST]65493e083bfd49c3aa3a50249c551516,2026-09-20T00:57:17.946000+00:00,1.48,2,128,82,
832e4b9e-37a3-4ca0-b72f-48bd3b6d0786,2026/09/20/[$LATEST]65493e083bfd49c3aa3a50249c551516,2026-09-20T00:57:18.878000+00:00,1.42,2,128,82,
440eeecd-f069-4642-889d-52623ab6076d,2026/09/20/[$LATEST]23dd7c06a594428da40461e006d4cc2d,2026-09-20T00:57:34.876000+00:00,29.23,149,128,82,119.26
503ae446-af78-47f0-9382-d41dee496cb5,2026/09/20/[$LATEST]23dd7c06a594428da40461e006d4cc2d,2026-09-20T00:57:35.725000+00:00,1.67,2,128,82,
e6e08fe1-2616-4779-920d-4b3db3d473ab,2026/09/20/[$LATEST]23dd7c06a594428da40461e006d4cc2d,2026-09-20T00:57:36.613000+00:00,1.98,2,128,82,
0b66ab2d-87e2-4777-b4a1-5111e27aea00,2026/09/20/[$LATEST]23dd7c06a594428da40461e006d4cc2d,2026-09-20T00:57:37.503000+00:00,1.49,2,128,82,
6a9513a0-d15a-4089-b6ae-3ce2d95fbbeb,2026/09/20/[$LATEST]23dd7c06a594428da40461e006d4cc2d,2026-09-20T00:57:38.356000+00:00,1.49,2,128,82,
1e13f670-d09f-4b4a-bdf7-89586abf675e,2026/09/20/[$LATEST]23dd7c06a594428da40461e006d4cc2d,2026-09-20T00:57:39.249000+00:00,1.42,2,128,82,
