plataforma,modo,ciclo,n_en_ciclo,timestamp_local,latencia_ms,http_status,instance_id,first_request,uptime_ms,colo,request_id,es_frio,criterio_frio,error
aws-lambda,forzado,1,0,2026-09-19T19:29:59.930,716.7,200,4453c300-a17d-4052-93ba-4815b0d909c1,,7,,81dd30a6-ac4e-4f34-8de1-5e0ca1658382,True,uptime_bajo,
aws-lambda,forzado,1,1,2026-09-19T19:30:00.878,447.3,200,4453c300-a17d-4052-93ba-4815b0d909c1,,960,,bcf37cc1-9cb6-48be-a507-f6d640b20bd0,False,,
aws-lambda,forzado,1,2,2026-09-19T19:30:01.785,406.8,200,4453c300-a17d-4052-93ba-4815b0d909c1,,1867,,c571f75d-6e33-432c-ba0a-2e0d2925813b,False,,
aws-lambda,forzado,1,3,2026-09-19T19:30:02.706,420.3,200,4453c300-a17d-4052-93ba-4815b0d909c1,,2787,,add4110f-2b72-4681-bd48-9c206abaf20a,False,,
aws-lambda,forzado,1,4,2026-09-19T19:30:03.611,404.5,200,4453c300-a17d-4052-93ba-4815b0d909c1,,3693,,e49ec0af-206b-4668-858d-c224cd86ada2,False,,
aws-lambda,forzado,1,5,2026-09-19T19:30:04.532,420.2,200,4453c300-a17d-4052-93ba-4815b0d909c1,,4614,,d8a52788-7bf5-4873-b51d-5d4f546f5082,False,,
cloudflare-workers,forzado,1,0,2026-09-19T19:30:04.737,205.5,200,00dcfc74-33df-4099-a396-e346d85cf439,False,6419675,GIG,,False,,
cloudflare-workers,forzado,1,1,2026-09-19T19:30:05.453,215.3,200,e0c1e688-a012-4695-b0d3-ca418f2ec92a,False,6419684,GIG,,False,(otro_isolate),
cloudflare-workers,forzado,1,2,2026-09-19T19:30:06.176,223.3,200,00dcfc74-33df-4099-a396-e346d85cf439,False,6421114,GIG,,False,(otro_isolate),
cloudflare-workers,forzado,1,3,2026-09-19T19:30:06.886,209.0,200,e3af2321-1889-48be-ae40-eabef16bfe3e,False,4018176,GIG,,False,(otro_isolate),
cloudflare-workers,forzado,1,4,2026-09-19T19:30:07.614,227.7,200,00dcfc74-33df-4099-a396-e346d85cf439,False,6422551,GIG,,False,(otro_isolate),
cloudflare-workers,forzado,1,5,2026-09-19T19:30:08.341,225.9,200,00dcfc74-33df-4099-a396-e346d85cf439,False,6423278,GIG,,False,,
aws-lambda,forzado,2,0,2026-09-19T19:30:15.025,719.6,200,9e29d9a8-2ef3-4449-91c7-bd6852e38ed8,,7,,4625515a-6a55-4e49-8fb1-b27acf4db6ab,True,instance_id_cambio,
aws-lambda,forzado,2,1,2026-09-19T19:30:15.947,420.8,200,9e29d9a8-2ef3-4449-91c7-bd6852e38ed8,,968,,f4a08356-ef34-4719-be0b-e95df7d991a0,False,,
aws-lambda,forzado,2,2,2026-09-19T19:30:16.842,394.1,200,9e29d9a8-2ef3-4449-91c7-bd6852e38ed8,,1864,,6d7641cf-84fa-40bd-8e59-7745400f0ed9,False,,
aws-lambda,forzado,2,3,2026-09-19T19:30:17.732,390.3,200,9e29d9a8-2ef3-4449-91c7-bd6852e38ed8,,2753,,71cbeddf-d97f-42fb-a68f-b6b0e2575bbe,False,,
aws-lambda,forzado,2,4,2026-09-19T19:30:18.633,399.7,200,9e29d9a8-2ef3-4449-91c7-bd6852e38ed8,,3653,,163732c4-e04c-4fe3-802d-487cc7495704,False,,
aws-lambda,forzado,2,5,2026-09-19T19:30:19.538,404.7,200,9e29d9a8-2ef3-4449-91c7-bd6852e38ed8,,4559,,75318cd0-756b-4881-9aff-5ea01098d87c,False,,
cloudflare-workers,forzado,2,0,2026-09-19T19:30:19.747,208.4,200,00dcfc74-33df-4099-a396-e346d85cf439,False,6434683,GIG,,False,,
cloudflare-workers,forzado,2,1,2026-09-19T19:30:20.450,202.7,200,00dcfc74-33df-4099-a396-e346d85cf439,False,6435390,GIG,,False,,
cloudflare-workers,forzado,2,2,2026-09-19T19:30:21.152,202.3,200,e0c1e688-a012-4695-b0d3-ca418f2ec92a,False,6435381,GIG,,False,(otro_isolate),
cloudflare-workers,forzado,2,3,2026-09-19T19:30:21.870,217.4,200,00dcfc74-33df-4099-a396-e346d85cf439,False,6436807,GIG,,False,(otro_isolate),
cloudflare-workers,forzado,2,4,2026-09-19T19:30:22.596,225.2,200,00dcfc74-33df-4099-a396-e346d85cf439,False,6437536,GIG,,False,,
cloudflare-workers,forzado,2,5,2026-09-19T19:30:23.309,212.1,200,00dcfc74-33df-4099-a396-e346d85cf439,False,6438245,GIG,,False,,
aws-lambda,forzado,3,0,2026-09-19T19:30:30.040,696.5,200,f80c7e8e-c95d-4c45-ae22-3ad92d7b7501,,7,,49f44270-3aef-44a6-8538-04ae264d349e,True,instance_id_cambio,
aws-lambda,forzado,3,1,2026-09-19T19:30:30.924,382.6,200,f80c7e8e-c95d-4c45-ae22-3ad92d7b7501,,905,,4a6b5bfd-3223-4d61-bbed-0ec7868ae207,False,,
aws-lambda,forzado,3,2,2026-09-19T19:30:31.818,393.8,200,f80c7e8e-c95d-4c45-ae22-3ad92d7b7501,,1799,,674f0a4b-c5d8-44fd-aa04-3f87b4e248fe,False,,
aws-lambda,forzado,3,3,2026-09-19T19:30:32.741,422.2,200,f80c7e8e-c95d-4c45-ae22-3ad92d7b7501,,2722,,32a4ef60-f039-42e4-b65c-16e7b8d6f44d,False,,
aws-lambda,forzado,3,4,2026-09-19T19:30:33.624,382.8,200,f80c7e8e-c95d-4c45-ae22-3ad92d7b7501,,3605,,f0acf3f8-f1ca-4ccc-8c34-24b114c2c246,False,,
aws-lambda,forzado,3,5,2026-09-19T19:30:34.542,417.0,200,f80c7e8e-c95d-4c45-ae22-3ad92d7b7501,,4523,,4721d40a-69de-489f-ad2b-4987ec2c1114,False,,
cloudflare-workers,forzado,3,0,2026-09-19T19:30:34.753,211.0,200,cf5d4fd4-f2c1-4cba-a273-7c5372670f51,False,6432617,GIG,,False,(otro_isolate),
cloudflare-workers,forzado,3,1,2026-09-19T19:30:35.453,199.7,200,00dcfc74-33df-4099-a396-e346d85cf439,False,6450392,GIG,,False,(otro_isolate),
cloudflare-workers,forzado,3,2,2026-09-19T19:30:36.168,214.2,200,e0c1e688-a012-4695-b0d3-ca418f2ec92a,False,6450394,GIG,,False,(otro_isolate),
cloudflare-workers,forzado,3,3,2026-09-19T19:30:36.868,199.6,200,00dcfc74-33df-4099-a396-e346d85cf439,False,6451807,GIG,,False,(otro_isolate),
cloudflare-workers,forzado,3,4,2026-09-19T19:30:37.581,212.7,200,00dcfc74-33df-4099-a396-e346d85cf439,False,6452517,GIG,,False,,
cloudflare-workers,forzado,3,5,2026-09-19T19:30:38.284,202.5,200,00dcfc74-33df-4099-a396-e346d85cf439,False,6453222,GIG,,False,,
aws-lambda,forzado,4,0,2026-09-19T19:30:45.038,733.6,200,207844d9-87f7-430e-aad5-0c844d624e2c,,7,,fbc98b78-95b5-4c85-9fd7-56faee6472aa,True,instance_id_cambio,
aws-lambda,forzado,4,1,2026-09-19T19:30:45.933,394.0,200,207844d9-87f7-430e-aad5-0c844d624e2c,,921,,d0dc36ab-9823-4dff-abd4-bea4264636e0,False,,
aws-lambda,forzado,4,2,2026-09-19T19:30:46.853,419.6,200,207844d9-87f7-430e-aad5-0c844d624e2c,,1841,,5768d96c-c498-4c32-b148-47a6c66ebc52,False,,
aws-lambda,forzado,4,3,2026-09-19T19:30:47.761,407.1,200,207844d9-87f7-430e-aad5-0c844d624e2c,,2749,,8ce153b0-2673-4be9-b4ff-39196bb6c6ae,False,,
aws-lambda,forzado,4,4,2026-09-19T19:30:48.670,409.2,200,207844d9-87f7-430e-aad5-0c844d624e2c,,3659,,98c57d3c-7aeb-479e-9bf1-20ef63a28d1c,False,,
aws-lambda,forzado,4,5,2026-09-19T19:30:49.590,418.9,200,207844d9-87f7-430e-aad5-0c844d624e2c,,4578,,e0bbfcc2-f299-4500-ba8d-f98b5afc990f,False,,
cloudflare-workers,forzado,4,0,2026-09-19T19:30:49.788,198.3,200,00dcfc74-33df-4099-a396-e346d85cf439,False,6464726,GIG,,False,,
cloudflare-workers,forzado,4,1,2026-09-19T19:30:50.511,221.9,200,e0c1e688-a012-4695-b0d3-ca418f2ec92a,False,6464735,GIG,,False,(otro_isolate),
cloudflare-workers,forzado,4,2,2026-09-19T19:30:51.213,202.1,200,00dcfc74-33df-4099-a396-e346d85cf439,False,6466151,GIG,,False,(otro_isolate),
cloudflare-workers,forzado,4,3,2026-09-19T19:30:51.934,220.3,200,cf5d4fd4-f2c1-4cba-a273-7c5372670f51,False,6449796,GIG,,False,(otro_isolate),
cloudflare-workers,forzado,4,4,2026-09-19T19:30:52.641,207.0,200,e3af2321-1889-48be-ae40-eabef16bfe3e,False,4063930,GIG,,False,(otro_isolate),
cloudflare-workers,forzado,4,5,2026-09-19T19:30:53.351,209.2,200,cf5d4fd4-f2c1-4cba-a273-7c5372670f51,False,6451213,GIG,,False,(otro_isolate),
aws-lambda,forzado,5,0,2026-09-19T19:31:00.258,713.8,200,3003774d-a2f4-45ef-b529-b85cf8515244,,7,,55607bb2-62f0-4a1a-ab3d-229801a61756,True,instance_id_cambio,
aws-lambda,forzado,5,1,2026-09-19T19:31:01.173,415.1,200,3003774d-a2f4-45ef-b529-b85cf8515244,,943,,6e9afe14-36b5-4033-a3ae-b86e72168e1d,False,,
aws-lambda,forzado,5,2,2026-09-19T19:31:02.081,406.7,200,3003774d-a2f4-45ef-b529-b85cf8515244,,1851,,f4f16057-e92b-42fe-bbc9-97410d553c8e,False,,
aws-lambda,forzado,5,3,2026-09-19T19:31:02.993,412.2,200,3003774d-a2f4-45ef-b529-b85cf8515244,,2763,,7ae99f94-1ce4-42a8-80cd-3412bf35b1ab,False,,
aws-lambda,forzado,5,4,2026-09-19T19:31:03.889,395.2,200,3003774d-a2f4-45ef-b529-b85cf8515244,,3659,,2d87c396-c520-4e5f-b7fe-775aa88bb3b5,False,,
aws-lambda,forzado,5,5,2026-09-19T19:31:04.785,395.4,200,3003774d-a2f4-45ef-b529-b85cf8515244,,4555,,ecfc6804-7068-4ec9-b32c-088167349176,False,,
cloudflare-workers,forzado,5,0,2026-09-19T19:31:04.992,207.1,200,cf5d4fd4-f2c1-4cba-a273-7c5372670f51,False,6462851,GIG,,False,,
cloudflare-workers,forzado,5,1,2026-09-19T19:31:05.706,213.4,200,e0c1e688-a012-4695-b0d3-ca418f2ec92a,False,6479932,GIG,,False,(otro_isolate),
cloudflare-workers,forzado,5,2,2026-09-19T19:31:06.417,210.1,200,e3af2321-1889-48be-ae40-eabef16bfe3e,False,4077705,GIG,,False,(otro_isolate),
cloudflare-workers,forzado,5,3,2026-09-19T19:31:07.121,203.3,200,00dcfc74-33df-4099-a396-e346d85cf439,False,6482059,GIG,,False,(otro_isolate),
cloudflare-workers,forzado,5,4,2026-09-19T19:31:07.831,208.6,200,00dcfc74-33df-4099-a396-e346d85cf439,False,6482767,GIG,,False,,
cloudflare-workers,forzado,5,5,2026-09-19T19:31:08.533,201.7,200,00dcfc74-33df-4099-a396-e346d85cf439,False,6483470,GIG,,False,,
aws-lambda,forzado,6,0,2026-09-19T19:31:15.352,670.0,200,7d259645-e0c2-4f73-95d6-6886a1a7fbae,,7,,ebd53af1-67f8-4222-ae5d-55836905a572,True,instance_id_cambio,
aws-lambda,forzado,6,1,2026-09-19T19:31:16.253,399.7,200,7d259645-e0c2-4f73-95d6-6886a1a7fbae,,911,,69875bb3-edb5-4277-9e66-7ce69264ff4f,False,,
aws-lambda,forzado,6,2,2026-09-19T19:31:17.175,422.0,200,7d259645-e0c2-4f73-95d6-6886a1a7fbae,,1835,,960b3b47-3404-492f-b45f-f0fbd223b9d8,False,,
aws-lambda,forzado,6,3,2026-09-19T19:31:18.089,412.9,200,7d259645-e0c2-4f73-95d6-6886a1a7fbae,,2748,,e20ca1c0-2e49-4d6a-b9ac-2bb343abb336,False,,
aws-lambda,forzado,6,4,2026-09-19T19:31:19.008,419.1,200,7d259645-e0c2-4f73-95d6-6886a1a7fbae,,3667,,3c200667-8290-46cd-b005-0ba2cc3200db,False,,
aws-lambda,forzado,6,5,2026-09-19T19:31:19.935,426.7,200,7d259645-e0c2-4f73-95d6-6886a1a7fbae,,4595,,3a2904ce-5acc-4499-ac7c-9d70a5cca69e,False,,
cloudflare-workers,forzado,6,0,2026-09-19T19:31:20.142,205.9,200,e0c1e688-a012-4695-b0d3-ca418f2ec92a,False,6494368,GIG,,False,(otro_isolate),
cloudflare-workers,forzado,6,1,2026-09-19T19:31:20.847,204.7,200,00dcfc74-33df-4099-a396-e346d85cf439,False,6495781,GIG,,False,(otro_isolate),
cloudflare-workers,forzado,6,2,2026-09-19T19:31:21.550,203.0,200,00dcfc74-33df-4099-a396-e346d85cf439,False,6496487,GIG,,False,,
cloudflare-workers,forzado,6,3,2026-09-19T19:31:22.268,217.0,200,e0c1e688-a012-4695-b0d3-ca418f2ec92a,False,6496492,GIG,,False,(otro_isolate),
cloudflare-workers,forzado,6,4,2026-09-19T19:31:22.970,201.3,200,00dcfc74-33df-4099-a396-e346d85cf439,False,6497907,GIG,,False,(otro_isolate),
cloudflare-workers,forzado,6,5,2026-09-19T19:31:23.679,209.3,200,e0c1e688-a012-4695-b0d3-ca418f2ec92a,False,6497904,GIG,,False,(otro_isolate),
aws-lambda,forzado,7,0,2026-09-19T19:31:30.569,676.5,200,b05c0258-67f2-4e6d-857b-a2dd218e20bd,,6,,f9f8d1bd-85c3-417d-993a-c16bf990e425,True,instance_id_cambio,
aws-lambda,forzado,7,1,2026-09-19T19:31:31.483,413.6,200,b05c0258-67f2-4e6d-857b-a2dd218e20bd,,942,,591cee85-4e78-4095-8dc2-174621faab1b,False,,
aws-lambda,forzado,7,2,2026-09-19T19:31:32.376,392.2,200,b05c0258-67f2-4e6d-857b-a2dd218e20bd,,1834,,a860d823-6858-4322-ba01-818a437f2ed3,False,,
aws-lambda,forzado,7,3,2026-09-19T19:31:33.265,388.6,200,b05c0258-67f2-4e6d-857b-a2dd218e20bd,,2723,,7a209485-25a2-4947-84c5-9bf336b140dd,False,,
aws-lambda,forzado,7,4,2026-09-19T19:31:34.173,407.1,200,b05c0258-67f2-4e6d-857b-a2dd218e20bd,,3631,,03e4f3ee-6bf1-4b4f-a205-cc501daf3930,False,,
aws-lambda,forzado,7,5,2026-09-19T19:31:35.080,406.0,200,b05c0258-67f2-4e6d-857b-a2dd218e20bd,,4537,,493b1833-9d55-4691-97dd-2f2eb7ad2051,False,,
cloudflare-workers,forzado,7,0,2026-09-19T19:31:35.307,227.0,200,00dcfc74-33df-4099-a396-e346d85cf439,False,6510242,GIG,,False,(otro_isolate),
cloudflare-workers,forzado,7,1,2026-09-19T19:31:36.007,199.6,200,00dcfc74-33df-4099-a396-e346d85cf439,False,6510944,GIG,,False,,
cloudflare-workers,forzado,7,2,2026-09-19T19:31:36.712,204.5,200,00dcfc74-33df-4099-a396-e346d85cf439,False,6511646,GIG,,False,,
cloudflare-workers,forzado,7,3,2026-09-19T19:31:37.405,193.3,200,00dcfc74-33df-4099-a396-e346d85cf439,False,6512343,GIG,,False,,
cloudflare-workers,forzado,7,4,2026-09-19T19:31:38.117,211.3,200,e0c1e688-a012-4695-b0d3-ca418f2ec92a,False,6512341,GIG,,False,(otro_isolate),
cloudflare-workers,forzado,7,5,2026-09-19T19:31:38.834,216.5,200,e0c1e688-a012-4695-b0d3-ca418f2ec92a,False,6513058,GIG,,False,,
aws-lambda,forzado,8,0,2026-09-19T19:31:45.593,688.6,200,e8c42ac5-1e31-46c8-8c20-2c2e1f2186c4,,7,,a64a2234-0628-4f0b-90fa-729f902e2e60,True,instance_id_cambio,
aws-lambda,forzado,8,1,2026-09-19T19:31:46.486,392.3,200,e8c42ac5-1e31-46c8-8c20-2c2e1f2186c4,,922,,6626cfb2-8564-446e-869b-e9593e0ef4be,False,,
aws-lambda,forzado,8,2,2026-09-19T19:31:47.375,388.3,200,e8c42ac5-1e31-46c8-8c20-2c2e1f2186c4,,1811,,b6d30dd7-a05e-4994-aec1-8b3bce606bff,False,,
aws-lambda,forzado,8,3,2026-09-19T19:31:48.273,397.8,200,e8c42ac5-1e31-46c8-8c20-2c2e1f2186c4,,2709,,a47b06c8-5b25-4112-adb6-cb39bc04b5f1,False,,
aws-lambda,forzado,8,4,2026-09-19T19:31:49.186,413.0,200,e8c42ac5-1e31-46c8-8c20-2c2e1f2186c4,,3622,,8a07ff00-ee82-4595-bee6-17ce72d4e09d,False,,
aws-lambda,forzado,8,5,2026-09-19T19:31:50.085,398.0,200,e8c42ac5-1e31-46c8-8c20-2c2e1f2186c4,,4520,,bb62f54b-0bcc-4b1b-aa3a-826385b4125c,False,,
cloudflare-workers,forzado,8,0,2026-09-19T19:31:50.291,205.8,200,00dcfc74-33df-4099-a396-e346d85cf439,False,6525225,GIG,,False,(otro_isolate),
cloudflare-workers,forzado,8,1,2026-09-19T19:31:50.997,206.2,200,e0c1e688-a012-4695-b0d3-ca418f2ec92a,False,6525223,GIG,,False,(otro_isolate),
cloudflare-workers,forzado,8,2,2026-09-19T19:31:51.710,212.8,200,cf5d4fd4-f2c1-4cba-a273-7c5372670f51,False,6509571,GIG,,False,(otro_isolate),
cloudflare-workers,forzado,8,3,2026-09-19T19:31:52.418,207.5,200,00dcfc74-33df-4099-a396-e346d85cf439,False,6527352,GIG,,False,(otro_isolate),
cloudflare-workers,forzado,8,4,2026-09-19T19:31:53.125,206.0,200,00dcfc74-33df-4099-a396-e346d85cf439,False,6528061,GIG,,False,,
cloudflare-workers,forzado,8,5,2026-09-19T19:31:53.834,208.7,200,cf5d4fd4-f2c1-4cba-a273-7c5372670f51,False,6511695,GIG,,False,(otro_isolate),
aws-lambda,forzado,9,0,2026-09-19T19:32:00.809,676.9,200,c8cd5900-93ed-45ea-bd69-efe650aa0087,,8,,047f0634-2d1f-4019-addb-d4ea3e158917,True,instance_id_cambio,
aws-lambda,forzado,9,1,2026-09-19T19:32:01.704,394.7,200,c8cd5900-93ed-45ea-bd69-efe650aa0087,,920,,400623e3-b87b-4165-a58a-056dc45ccddf,False,,
aws-lambda,forzado,9,2,2026-09-19T19:32:02.593,388.4,200,c8cd5900-93ed-45ea-bd69-efe650aa0087,,1808,,4d955743-9a74-4a8d-a15e-8e4d7211116f,False,,
aws-lambda,forzado,9,3,2026-09-19T19:32:03.480,387.0,200,c8cd5900-93ed-45ea-bd69-efe650aa0087,,2696,,ea019b77-600d-47c8-a7df-9f060fac62c8,False,,
aws-lambda,forzado,9,4,2026-09-19T19:32:04.370,389.5,200,c8cd5900-93ed-45ea-bd69-efe650aa0087,,3586,,622c1217-99fb-4cb9-b296-3e0604c95f22,False,,
aws-lambda,forzado,9,5,2026-09-19T19:32:05.265,394.5,200,c8cd5900-93ed-45ea-bd69-efe650aa0087,,4481,,63d7221f-001f-4b6d-9df2-b95fcf1770f9,False,,
cloudflare-workers,forzado,9,0,2026-09-19T19:32:05.484,218.7,200,e3af2321-1889-48be-ae40-eabef16bfe3e,False,4136769,GIG,,False,(otro_isolate),
cloudflare-workers,forzado,9,1,2026-09-19T19:32:06.189,204.2,200,cf5d4fd4-f2c1-4cba-a273-7c5372670f51,False,6524051,GIG,,False,(otro_isolate),
cloudflare-workers,forzado,9,2,2026-09-19T19:32:06.907,217.7,200,cf5d4fd4-f2c1-4cba-a273-7c5372670f51,False,6524767,GIG,,False,,
cloudflare-workers,forzado,9,3,2026-09-19T19:32:07.610,202.7,200,00dcfc74-33df-4099-a396-e346d85cf439,False,6542546,GIG,,False,(otro_isolate),
cloudflare-workers,forzado,9,4,2026-09-19T19:32:08.310,199.5,200,e0c1e688-a012-4695-b0d3-ca418f2ec92a,False,6542535,GIG,,False,(otro_isolate),
cloudflare-workers,forzado,9,5,2026-09-19T19:32:09.022,211.4,200,e3af2321-1889-48be-ae40-eabef16bfe3e,False,4140308,GIG,,False,(otro_isolate),
aws-lambda,forzado,10,0,2026-09-19T19:32:15.787,729.3,200,b112a17c-e478-4375-bd2c-155e716eb518,,6,,0f39e856-7bcd-41b3-bd1d-23bdd25a6ec3,True,instance_id_cambio,
aws-lambda,forzado,10,1,2026-09-19T19:32:16.681,393.7,200,b112a17c-e478-4375-bd2c-155e716eb518,,925,,7b4ef2d4-699f-46ae-9427-bb6f3990e676,False,,
aws-lambda,forzado,10,2,2026-09-19T19:32:17.566,384.6,200,b112a17c-e478-4375-bd2c-155e716eb518,,1811,,9b0c361b-616c-49bb-b91b-65356a206896,False,,
aws-lambda,forzado,10,3,2026-09-19T19:32:18.456,389.0,200,b112a17c-e478-4375-bd2c-155e716eb518,,2699,,e5359297-cecf-4c47-81e7-3aadafd69507,False,,
aws-lambda,forzado,10,4,2026-09-19T19:32:19.347,390.6,200,b112a17c-e478-4375-bd2c-155e716eb518,,3591,,88ce047f-6b50-45ec-82dc-ad27e7d80c83,False,,
aws-lambda,forzado,10,5,2026-09-19T19:32:20.232,384.0,200,b112a17c-e478-4375-bd2c-155e716eb518,,4476,,e33da4ba-79ac-4474-8615-114a6baec9c8,False,,
cloudflare-workers,forzado,10,0,2026-09-19T19:32:20.430,198.2,200,00dcfc74-33df-4099-a396-e346d85cf439,False,6555366,GIG,,False,(otro_isolate),
cloudflare-workers,forzado,10,1,2026-09-19T19:32:21.138,206.6,200,00dcfc74-33df-4099-a396-e346d85cf439,False,6556071,GIG,,False,,
cloudflare-workers,forzado,10,2,2026-09-19T19:32:21.839,201.1,200,00dcfc74-33df-4099-a396-e346d85cf439,False,6556774,GIG,,False,,
cloudflare-workers,forzado,10,3,2026-09-19T19:32:22.554,214.3,200,e3af2321-1889-48be-ae40-eabef16bfe3e,False,4153839,GIG,,False,(otro_isolate),
cloudflare-workers,forzado,10,4,2026-09-19T19:32:23.259,205.1,200,e3af2321-1889-48be-ae40-eabef16bfe3e,False,4154545,GIG,,False,,
cloudflare-workers,forzado,10,5,2026-09-19T19:32:23.968,207.9,200,00dcfc74-33df-4099-a396-e346d85cf439,False,6558900,GIG,,False,(otro_isolate),
aws-lambda,forzado,11,0,2026-09-19T19:32:30.890,702.0,200,01631805-ac89-4655-8055-8bb796480432,,7,,51ec97ee-187c-49bf-88ce-5ce6dc94883b,True,instance_id_cambio,
aws-lambda,forzado,11,1,2026-09-19T19:32:31.782,390.9,200,01631805-ac89-4655-8055-8bb796480432,,922,,df562e19-abf2-43fc-aa53-e8a99ba0fdc1,False,,
aws-lambda,forzado,11,2,2026-09-19T19:32:32.698,415.4,200,01631805-ac89-4655-8055-8bb796480432,,1839,,ac3d8ff1-c233-4c2f-9b44-af744bdccb23,False,,
aws-lambda,forzado,11,3,2026-09-19T19:32:33.586,387.7,200,01631805-ac89-4655-8055-8bb796480432,,2727,,cc80c470-4790-4c5d-9b08-5399c152e17d,False,,
aws-lambda,forzado,11,4,2026-09-19T19:32:34.490,403.8,200,01631805-ac89-4655-8055-8bb796480432,,3632,,616c1801-62c7-44e2-b754-069132be1396,False,,
aws-lambda,forzado,11,5,2026-09-19T19:32:35.376,385.4,200,01631805-ac89-4655-8055-8bb796480432,,4517,,b5e4303d-8639-4c81-9481-8dfeb8b4c583,False,,
cloudflare-workers,forzado,11,0,2026-09-19T19:32:35.579,202.8,200,e3af2321-1889-48be-ae40-eabef16bfe3e,False,4166865,GIG,,False,(otro_isolate),
cloudflare-workers,forzado,11,1,2026-09-19T19:32:36.290,210.7,200,00dcfc74-33df-4099-a396-e346d85cf439,False,6571222,GIG,,False,(otro_isolate),
cloudflare-workers,forzado,11,2,2026-09-19T19:32:36.999,208.5,200,00dcfc74-33df-4099-a396-e346d85cf439,False,6571932,GIG,,False,,
cloudflare-workers,forzado,11,3,2026-09-19T19:32:37.719,218.9,200,cf5d4fd4-f2c1-4cba-a273-7c5372670f51,False,6555577,GIG,,False,(otro_isolate),
cloudflare-workers,forzado,11,4,2026-09-19T19:32:38.414,194.2,200,00dcfc74-33df-4099-a396-e346d85cf439,False,6573349,GIG,,False,(otro_isolate),
cloudflare-workers,forzado,11,5,2026-09-19T19:32:39.123,208.6,200,e3af2321-1889-48be-ae40-eabef16bfe3e,False,4170407,GIG,,False,(otro_isolate),
aws-lambda,forzado,12,0,2026-09-19T19:32:45.838,699.7,200,4b36eba3-00b7-40a5-a6c1-48f0ec51843a,,7,,a5f5236d-8974-4a8f-81f7-8afdf4ece16c,True,instance_id_cambio,
aws-lambda,forzado,12,1,2026-09-19T19:32:46.725,387.3,200,4b36eba3-00b7-40a5-a6c1-48f0ec51843a,,919,,58b5cf79-2806-4246-83c8-377a0c92e8dc,False,,
aws-lambda,forzado,12,2,2026-09-19T19:32:47.620,393.8,200,4b36eba3-00b7-40a5-a6c1-48f0ec51843a,,1813,,61857465-a3ea-4e1d-961b-b31e03441a0a,False,,
aws-lambda,forzado,12,3,2026-09-19T19:32:48.511,391.3,200,4b36eba3-00b7-40a5-a6c1-48f0ec51843a,,2704,,353de919-7948-406e-b833-056a124e4421,False,,
aws-lambda,forzado,12,4,2026-09-19T19:32:49.397,385.4,200,4b36eba3-00b7-40a5-a6c1-48f0ec51843a,,3592,,3d25c03e-1632-4a78-888e-f6dab1f486a0,False,,
aws-lambda,forzado,12,5,2026-09-19T19:32:50.285,387.5,200,4b36eba3-00b7-40a5-a6c1-48f0ec51843a,,4479,,35b627a7-2978-49cf-a740-d4a46e43bc80,False,,
cloudflare-workers,forzado,12,0,2026-09-19T19:32:50.493,207.6,200,00dcfc74-33df-4099-a396-e346d85cf439,False,6585424,GIG,,False,(otro_isolate),
cloudflare-workers,forzado,12,1,2026-09-19T19:32:51.205,211.6,200,00dcfc74-33df-4099-a396-e346d85cf439,False,6586137,GIG,,False,,
cloudflare-workers,forzado,12,2,2026-09-19T19:32:51.913,207.8,200,00dcfc74-33df-4099-a396-e346d85cf439,False,6586847,GIG,,False,,
cloudflare-workers,forzado,12,3,2026-09-19T19:32:52.618,204.4,200,e0c1e688-a012-4695-b0d3-ca418f2ec92a,False,6586842,GIG,,False,(otro_isolate),
cloudflare-workers,forzado,12,4,2026-09-19T19:32:53.323,205.2,200,00dcfc74-33df-4099-a396-e346d85cf439,False,6588256,GIG,,False,(otro_isolate),
cloudflare-workers,forzado,12,5,2026-09-19T19:32:54.022,197.9,200,00dcfc74-33df-4099-a396-e346d85cf439,False,6588957,GIG,,False,,
aws-lambda,forzado,13,0,2026-09-19T19:32:59.017,679.5,200,7668ba7c-ec1d-4b3d-aa43-186aefe30d39,,7,,0b556af1-a2f4-4477-aa9a-d2f94882f89f,True,instance_id_cambio,
aws-lambda,forzado,13,1,2026-09-19T19:32:59.915,397.9,200,7668ba7c-ec1d-4b3d-aa43-186aefe30d39,,913,,a0813ae4-68da-4d0d-ab4a-8ec59b62ba19,False,,
aws-lambda,forzado,13,2,2026-09-19T19:33:00.822,406.6,200,7668ba7c-ec1d-4b3d-aa43-186aefe30d39,,1820,,dd9ccf0c-fc23-4229-97ec-b7cd08277ff5,False,,
aws-lambda,forzado,13,3,2026-09-19T19:33:01.709,386.4,200,7668ba7c-ec1d-4b3d-aa43-186aefe30d39,,2706,,7baf10c4-13ab-416b-9a0a-a2957158804e,False,,
aws-lambda,forzado,13,4,2026-09-19T19:33:02.604,393.9,200,7668ba7c-ec1d-4b3d-aa43-186aefe30d39,,3599,,db5a157a-e2e3-490e-bd2f-367dd4316728,False,,
aws-lambda,forzado,13,5,2026-09-19T19:33:03.488,383.6,200,7668ba7c-ec1d-4b3d-aa43-186aefe30d39,,4485,,b7eb74a1-06d4-48b6-b597-9272c7ca98ea,False,,
cloudflare-workers,forzado,13,0,2026-09-19T19:33:03.689,200.9,200,00dcfc74-33df-4099-a396-e346d85cf439,False,6598622,GIG,,False,,
cloudflare-workers,forzado,13,1,2026-09-19T19:33:04.395,206.3,200,cf5d4fd4-f2c1-4cba-a273-7c5372670f51,False,6582254,GIG,,False,(otro_isolate),
cloudflare-workers,forzado,13,2,2026-09-19T19:33:05.108,212.6,200,00dcfc74-33df-4099-a396-e346d85cf439,False,6600039,GIG,,False,(otro_isolate),
cloudflare-workers,forzado,13,3,2026-09-19T19:33:05.813,204.6,200,e3af2321-1889-48be-ae40-eabef16bfe3e,False,4197098,GIG,,False,(otro_isolate),
cloudflare-workers,forzado,13,4,2026-09-19T19:33:06.525,210.9,200,00dcfc74-33df-4099-a396-e346d85cf439,False,6601456,GIG,,False,(otro_isolate),
cloudflare-workers,forzado,13,5,2026-09-19T19:33:07.230,204.2,200,e3af2321-1889-48be-ae40-eabef16bfe3e,False,4198515,GIG,,False,(otro_isolate),
aws-lambda,forzado,14,0,2026-09-19T19:33:13.964,683.5,200,2707ce14-2f49-4d4d-920e-b310a9e4afd4,,7,,1f5f0f8a-0f14-4c75-baed-1ceca880bc59,True,instance_id_cambio,
aws-lambda,forzado,14,1,2026-09-19T19:33:14.861,395.7,200,2707ce14-2f49-4d4d-920e-b310a9e4afd4,,913,,46d880a1-68f0-4c9b-b4f7-3398344dccd3,False,,
aws-lambda,forzado,14,2,2026-09-19T19:33:15.755,393.3,200,2707ce14-2f49-4d4d-920e-b310a9e4afd4,,1807,,bf1e4f5e-94a6-47a2-9209-bbb3f313e168,False,,
aws-lambda,forzado,14,3,2026-09-19T19:33:16.646,391.0,200,2707ce14-2f49-4d4d-920e-b310a9e4afd4,,2697,,0f83695b-0925-4ffc-9053-4f9f6075d6bd,False,,
aws-lambda,forzado,14,4,2026-09-19T19:33:17.532,385.4,200,2707ce14-2f49-4d4d-920e-b310a9e4afd4,,3582,,e1b3bc42-86f1-48b7-9610-cb0e063271d9,False,,
aws-lambda,forzado,14,5,2026-09-19T19:33:18.416,383.6,200,2707ce14-2f49-4d4d-920e-b310a9e4afd4,,4468,,85001965-0a76-4f04-9004-8bf156b35a81,False,,
cloudflare-workers,forzado,14,0,2026-09-19T19:33:18.627,211.0,200,e3af2321-1889-48be-ae40-eabef16bfe3e,False,4209910,GIG,,False,,
cloudflare-workers,forzado,14,1,2026-09-19T19:33:19.330,202.5,200,00dcfc74-33df-4099-a396-e346d85cf439,False,6614261,GIG,,False,(otro_isolate),
cloudflare-workers,forzado,14,2,2026-09-19T19:33:20.034,203.0,200,00dcfc74-33df-4099-a396-e346d85cf439,False,6614966,GIG,,False,,
cloudflare-workers,forzado,14,3,2026-09-19T19:33:20.751,216.8,200,cf5d4fd4-f2c1-4cba-a273-7c5372670f51,False,6598608,GIG,,False,(otro_isolate),
cloudflare-workers,forzado,14,4,2026-09-19T19:33:21.455,203.5,200,00dcfc74-33df-4099-a396-e346d85cf439,False,6616388,GIG,,False,(otro_isolate),
cloudflare-workers,forzado,14,5,2026-09-19T19:33:22.164,208.8,200,00dcfc74-33df-4099-a396-e346d85cf439,False,6617095,GIG,,False,,
aws-lambda,forzado,15,0,2026-09-19T19:33:29.054,697.3,200,a6376968-28ed-4ae2-91cf-15d87d6068c1,,6,,8deb774d-2149-451d-9f26-b13277782c01,True,instance_id_cambio,
aws-lambda,forzado,15,1,2026-09-19T19:33:29.948,393.5,200,a6376968-28ed-4ae2-91cf-15d87d6068c1,,927,,b34027c8-9584-4528-b881-e2b93b9e47da,False,,
aws-lambda,forzado,15,2,2026-09-19T19:33:30.838,389.5,200,a6376968-28ed-4ae2-91cf-15d87d6068c1,,1818,,100ca914-de7f-4cc1-8920-17d31e525331,False,,
aws-lambda,forzado,15,3,2026-09-19T19:33:31.728,389.0,200,a6376968-28ed-4ae2-91cf-15d87d6068c1,,2707,,a50954d3-79a4-4147-9cc5-8e1670701d8c,False,,
aws-lambda,forzado,15,4,2026-09-19T19:33:32.615,386.4,200,a6376968-28ed-4ae2-91cf-15d87d6068c1,,3594,,194ea97d-6d3f-4001-b36c-28e8ce336e23,False,,
aws-lambda,forzado,15,5,2026-09-19T19:33:33.502,386.7,200,a6376968-28ed-4ae2-91cf-15d87d6068c1,,4481,,6f212943-a256-4d9d-bab0-fdbddf4bb7a6,False,,
cloudflare-workers,forzado,15,0,2026-09-19T19:33:33.706,203.8,200,cf5d4fd4-f2c1-4cba-a273-7c5372670f51,False,6611565,GIG,,False,(otro_isolate),
cloudflare-workers,forzado,15,1,2026-09-19T19:33:34.415,208.3,200,00dcfc74-33df-4099-a396-e346d85cf439,False,6629345,GIG,,False,(otro_isolate),
cloudflare-workers,forzado,15,2,2026-09-19T19:33:35.117,201.5,200,00dcfc74-33df-4099-a396-e346d85cf439,False,6630050,GIG,,False,,
cloudflare-workers,forzado,15,3,2026-09-19T19:33:35.817,199.3,200,00dcfc74-33df-4099-a396-e346d85cf439,False,6630749,GIG,,False,,
cloudflare-workers,forzado,15,4,2026-09-19T19:33:36.527,210.6,200,00dcfc74-33df-4099-a396-e346d85cf439,False,6631457,GIG,,False,,
cloudflare-workers,forzado,15,5,2026-09-19T19:33:37.252,223.8,200,e0c1e688-a012-4695-b0d3-ca418f2ec92a,False,6631469,GIG,,False,(otro_isolate),
aws-lambda,forzado,16,0,2026-09-19T19:33:44.022,734.5,200,3d66ed51-defc-4cef-aa73-923d9d501447,,7,,06d418c4-ed62-492f-b4b3-663bbead2ea7,True,instance_id_cambio,
aws-lambda,forzado,16,1,2026-09-19T19:33:44.911,388.4,200,3d66ed51-defc-4cef-aa73-923d9d501447,,942,,2f62da25-9990-4991-b19e-13c4f8ad9d5e,False,,
aws-lambda,forzado,16,2,2026-09-19T19:33:45.803,391.6,200,3d66ed51-defc-4cef-aa73-923d9d501447,,1836,,69ab2fdf-320a-40ad-bc42-5a8adc83daee,False,,
aws-lambda,forzado,16,3,2026-09-19T19:33:46.692,388.8,200,3d66ed51-defc-4cef-aa73-923d9d501447,,2724,,764df437-fe88-4a1b-be8f-0d1395117139,False,,
aws-lambda,forzado,16,4,2026-09-19T19:33:47.581,388.5,200,3d66ed51-defc-4cef-aa73-923d9d501447,,3614,,41eeb32d-7aa8-4508-8e26-ecef20edb560,False,,
aws-lambda,forzado,16,5,2026-09-19T19:33:48.470,387.9,200,3d66ed51-defc-4cef-aa73-923d9d501447,,4502,,550e56e3-0b4a-4a4d-95a0-8547f50d8f56,False,,
cloudflare-workers,forzado,16,0,2026-09-19T19:33:48.683,213.1,200,cf5d4fd4-f2c1-4cba-a273-7c5372670f51,False,6626539,GIG,,False,(otro_isolate),
cloudflare-workers,forzado,16,1,2026-09-19T19:33:49.386,202.6,200,00dcfc74-33df-4099-a396-e346d85cf439,False,6644318,GIG,,False,(otro_isolate),
cloudflare-workers,forzado,16,2,2026-09-19T19:33:50.085,197.9,200,e3af2321-1889-48be-ae40-eabef16bfe3e,False,4241367,GIG,,False,(otro_isolate),
cloudflare-workers,forzado,16,3,2026-09-19T19:33:50.805,219.3,200,00dcfc74-33df-4099-a396-e346d85cf439,False,6645732,GIG,,False,(otro_isolate),
cloudflare-workers,forzado,16,4,2026-09-19T19:33:51.515,210.3,200,00dcfc74-33df-4099-a396-e346d85cf439,False,6646445,GIG,,False,,
cloudflare-workers,forzado,16,5,2026-09-19T19:33:52.213,197.7,200,00dcfc74-33df-4099-a396-e346d85cf439,False,6647146,GIG,,False,,
aws-lambda,forzado,17,0,2026-09-19T19:33:58.932,634.8,200,68b37e51-dfd4-4432-8c1d-4d1ab87d6a78,,6,,f3e39a69-5ded-43f3-8b83-46902ed23e59,True,instance_id_cambio,
aws-lambda,forzado,17,1,2026-09-19T19:33:59.855,422.8,200,68b37e51-dfd4-4432-8c1d-4d1ab87d6a78,,950,,824a299f-8bd5-4af7-a143-2be2b8edab70,False,,
aws-lambda,forzado,17,2,2026-09-19T19:34:00.745,389.3,200,68b37e51-dfd4-4432-8c1d-4d1ab87d6a78,,1841,,7bfa2184-717f-43f0-bf47-6215ec737914,False,,
aws-lambda,forzado,17,3,2026-09-19T19:34:01.631,384.9,200,68b37e51-dfd4-4432-8c1d-4d1ab87d6a78,,2726,,389dc39d-2f82-4eb4-bbf8-78027f114fc1,False,,
aws-lambda,forzado,17,4,2026-09-19T19:34:02.515,384.2,200,68b37e51-dfd4-4432-8c1d-4d1ab87d6a78,,3609,,323f2fbc-9afc-4bad-bf24-322acc6343fc,False,,
aws-lambda,forzado,17,5,2026-09-19T19:34:03.397,381.3,200,68b37e51-dfd4-4432-8c1d-4d1ab87d6a78,,4493,,aedc088d-af6e-45ee-8c59-76db670a9f3a,False,,
cloudflare-workers,forzado,17,0,2026-09-19T19:34:03.604,207.0,200,cf5d4fd4-f2c1-4cba-a273-7c5372670f51,False,6641461,GIG,,False,(otro_isolate),
cloudflare-workers,forzado,17,1,2026-09-19T19:34:04.303,198.1,200,cf5d4fd4-f2c1-4cba-a273-7c5372670f51,False,6642161,GIG,,False,,
cloudflare-workers,forzado,17,2,2026-09-19T19:34:05.018,214.9,200,e0c1e688-a012-4695-b0d3-ca418f2ec92a,False,6659236,GIG,,False,(otro_isolate),
cloudflare-workers,forzado,17,3,2026-09-19T19:34:05.718,199.7,200,e0c1e688-a012-4695-b0d3-ca418f2ec92a,False,6659940,GIG,,False,,
cloudflare-workers,forzado,17,4,2026-09-19T19:34:06.431,212.4,200,00dcfc74-33df-4099-a396-e346d85cf439,False,6661359,GIG,,False,(otro_isolate),
cloudflare-workers,forzado,17,5,2026-09-19T19:34:07.127,195.9,200,e0c1e688-a012-4695-b0d3-ca418f2ec92a,False,6661349,GIG,,False,(otro_isolate),
aws-lambda,forzado,18,0,2026-09-19T19:34:13.824,710.7,200,9fb1698b-9d46-4d54-814a-50e8dca463e7,,7,,fe79cbe1-8261-4f11-8d0f-6a48c1cbb78c,True,instance_id_cambio,
aws-lambda,forzado,18,1,2026-09-19T19:34:14.720,396.1,200,9fb1698b-9d46-4d54-814a-50e8dca463e7,,910,,92453582-1b57-4517-ac2c-6ef10c8ce635,False,,
aws-lambda,forzado,18,2,2026-09-19T19:34:15.616,395.3,200,9fb1698b-9d46-4d54-814a-50e8dca463e7,,1806,,f8e3c6ee-329a-459b-8049-19f73b10f779,False,,
aws-lambda,forzado,18,3,2026-09-19T19:34:16.502,385.7,200,9fb1698b-9d46-4d54-814a-50e8dca463e7,,2693,,ce64d90a-3c2a-4ae8-925b-bf902a6cdc5f,False,,
aws-lambda,forzado,18,4,2026-09-19T19:34:17.388,385.8,200,9fb1698b-9d46-4d54-814a-50e8dca463e7,,3578,,e8cb97a4-6b60-4182-82b8-50a0d9116779,False,,
aws-lambda,forzado,18,5,2026-09-19T19:34:18.275,386.0,200,9fb1698b-9d46-4d54-814a-50e8dca463e7,,4464,,ab7a1ab3-4cc8-401d-bb88-f420223bd57f,False,,
cloudflare-workers,forzado,18,0,2026-09-19T19:34:18.488,212.9,200,cf5d4fd4-f2c1-4cba-a273-7c5372670f51,False,6656346,GIG,,False,(otro_isolate),
cloudflare-workers,forzado,18,1,2026-09-19T19:34:19.213,224.4,200,00dcfc74-33df-4099-a396-e346d85cf439,False,6674142,GIG,,False,(otro_isolate),
cloudflare-workers,forzado,18,2,2026-09-19T19:34:19.924,210.3,200,cf5d4fd4-f2c1-4cba-a273-7c5372670f51,False,6657779,GIG,,False,(otro_isolate),
cloudflare-workers,forzado,18,3,2026-09-19T19:34:20.653,228.2,200,e0c1e688-a012-4695-b0d3-ca418f2ec92a,False,6674872,GIG,,False,(otro_isolate),
cloudflare-workers,forzado,18,4,2026-09-19T19:34:21.376,222.9,200,00dcfc74-33df-4099-a396-e346d85cf439,False,6676305,GIG,,False,(otro_isolate),
cloudflare-workers,forzado,18,5,2026-09-19T19:34:22.095,218.5,200,e0c1e688-a012-4695-b0d3-ca418f2ec92a,False,6676316,GIG,,False,(otro_isolate),
aws-lambda,forzado,19,0,2026-09-19T19:34:28.771,709.2,200,b8c41c5d-09e7-48a4-baa6-15e1fa8ff7b2,,7,,2c193f10-c66c-408a-8fcb-f310f783b3d6,True,instance_id_cambio,
aws-lambda,forzado,19,1,2026-09-19T19:34:29.665,389.5,200,b8c41c5d-09e7-48a4-baa6-15e1fa8ff7b2,,938,,f60350c6-c906-481f-a188-343b587f27da,False,,
aws-lambda,forzado,19,2,2026-09-19T19:34:30.555,389.4,200,b8c41c5d-09e7-48a4-baa6-15e1fa8ff7b2,,1829,,2daf819e-7ea9-4455-8df8-429c0a90fcc3,False,,
aws-lambda,forzado,19,3,2026-09-19T19:34:31.451,395.4,200,b8c41c5d-09e7-48a4-baa6-15e1fa8ff7b2,,2725,,424af30b-fa01-4686-a390-05a5fac472ba,False,,
aws-lambda,forzado,19,4,2026-09-19T19:34:32.343,391.5,200,b8c41c5d-09e7-48a4-baa6-15e1fa8ff7b2,,3617,,c3f0a1cc-9da3-42ce-b13f-f56492a9f0ff,False,,
aws-lambda,forzado,19,5,2026-09-19T19:34:33.230,386.0,200,b8c41c5d-09e7-48a4-baa6-15e1fa8ff7b2,,4503,,f06fec2f-bcf5-4e94-8b0a-da797b18234b,False,,
cloudflare-workers,forzado,19,0,2026-09-19T19:34:33.427,196.7,200,00dcfc74-33df-4099-a396-e346d85cf439,False,6688358,GIG,,False,(otro_isolate),
cloudflare-workers,forzado,19,1,2026-09-19T19:34:34.139,211.5,200,cf5d4fd4-f2c1-4cba-a273-7c5372670f51,False,6671993,GIG,,False,(otro_isolate),
cloudflare-workers,forzado,19,2,2026-09-19T19:34:34.852,212.9,200,cf5d4fd4-f2c1-4cba-a273-7c5372670f51,False,6672707,GIG,,False,,
cloudflare-workers,forzado,19,3,2026-09-19T19:34:35.562,209.7,200,e0c1e688-a012-4695-b0d3-ca418f2ec92a,False,6689781,GIG,,False,(otro_isolate),
cloudflare-workers,forzado,19,4,2026-09-19T19:34:36.269,206.2,200,00dcfc74-33df-4099-a396-e346d85cf439,False,6691197,GIG,,False,(otro_isolate),
cloudflare-workers,forzado,19,5,2026-09-19T19:34:36.973,203.1,200,00dcfc74-33df-4099-a396-e346d85cf439,False,6691904,GIG,,False,,
aws-lambda,forzado,20,0,2026-09-19T19:34:43.755,711.3,200,7c65815e-289a-471d-bf8c-a0c3ddc5a001,,7,,b3d90268-f22f-4f04-af16-948285660153,True,instance_id_cambio,
aws-lambda,forzado,20,1,2026-09-19T19:34:44.642,386.3,200,7c65815e-289a-471d-bf8c-a0c3ddc5a001,,916,,a90d032c-8c2f-42ab-a79e-21f887b03e6b,False,,
aws-lambda,forzado,20,2,2026-09-19T19:34:45.532,390.1,200,7c65815e-289a-471d-bf8c-a0c3ddc5a001,,1807,,5307ad9c-c8ed-4e07-a2aa-c8981a8ca930,False,,
aws-lambda,forzado,20,3,2026-09-19T19:34:46.419,386.6,200,7c65815e-289a-471d-bf8c-a0c3ddc5a001,,2693,,6a777fe3-62f5-46b2-991e-6c5a0bd73179,False,,
aws-lambda,forzado,20,4,2026-09-19T19:34:47.307,387.8,200,7c65815e-289a-471d-bf8c-a0c3ddc5a001,,3581,,5be65b8f-e051-4596-9fea-b019347101e3,False,,
aws-lambda,forzado,20,5,2026-09-19T19:34:48.199,391.4,200,7c65815e-289a-471d-bf8c-a0c3ddc5a001,,4474,,5d270e2b-cebf-438f-92df-264ebcdf3b15,False,,
cloudflare-workers,forzado,20,0,2026-09-19T19:34:48.406,206.6,200,e3af2321-1889-48be-ae40-eabef16bfe3e,False,4299686,GIG,,False,(otro_isolate),
cloudflare-workers,forzado,20,1,2026-09-19T19:34:49.114,207.8,200,e0c1e688-a012-4695-b0d3-ca418f2ec92a,False,6703334,GIG,,False,(otro_isolate),
cloudflare-workers,forzado,20,2,2026-09-19T19:34:49.824,208.7,200,cf5d4fd4-f2c1-4cba-a273-7c5372670f51,False,6687678,GIG,,False,(otro_isolate),
cloudflare-workers,forzado,20,3,2026-09-19T19:34:50.538,213.9,200,cf5d4fd4-f2c1-4cba-a273-7c5372670f51,False,6688395,GIG,,False,,
cloudflare-workers,forzado,20,4,2026-09-19T19:34:51.250,211.7,200,00dcfc74-33df-4099-a396-e346d85cf439,False,6706176,GIG,,False,(otro_isolate),
cloudflare-workers,forzado,20,5,2026-09-19T19:34:51.950,199.2,200,00dcfc74-33df-4099-a396-e346d85cf439,False,6706880,GIG,,False,,
